Sample,Date,Site,Syrphidae,Diptera,Formicidae,Apoidea,Ichneumonoidae,Chalcidoidae,Wingless.parasitoid.wasp,Other.wasp,Miridae,Cicadellidae,Cercopidae,Membracidae,Aphididae,Aleyrodidae,Psyllidae,Pentatomidae,Anthocoridae,Reduviidae,Tingidae,Adelgidae,Fulgoroidae,Unknown.Hemipteran,Carabidae,Staphylinidae,Cantharidae,Lampyridae,Coccinellidae,Scarabaeidae,Chrysomelidae,Curculionidae,Mordellidae,Elateridae,Unknown.coleoptera,Lepidoptera,Orthoptera,Thysanoptera,Psocodea,Trichoptera,Blattodea,Neuroptera,sitetype,richness,abundance,diversity,evenness
B7,6/13/2019,SSH,9,16,0,0,0,0,0,0,0,0,0,0,0,0,0,0,0,0,0,0,0,0,0,0,0,0,0,0,0,0,0,0,0,0,0,0,0,0,0,0,Natural,2,25,0.653418195,0.942683189
B8,6/13/2019,SSH,15,16,0,1,0,0,0,0,0,0,0,0,0,0,0,0,0,0,0,0,0,0,0,0,0,0,0,0,0,0,0,0,0,0,0,0,0,0,0,0,Natural,3,32,0.81004301,0.737332923
B9,6/13/2019,DGM,69,17,0,1,0,1,0,0,0,0,0,0,0,0,0,0,0,0,0,0,0,0,0,0,0,0,0,0,0,0,0,0,0,0,0,0,0,0,0,0,Natural,4,88,0.610087091,0.44008481
B10,6/13/2019,DGM,38,18,0,3,0,0,0,0,0,0,0,0,0,0,0,0,0,0,0,0,0,0,0,0,0,0,0,0,0,0,0,0,0,0,0,0,0,0,0,0,Natural,3,59,0.797015366,0.725474651
B11,6/13/2019,DGM,32,10,1,0,0,0,0,0,0,0,0,0,0,0,0,0,0,0,0,0,0,0,0,0,0,0,0,0,0,0,0,0,0,0,0,0,0,0,0,0,Natural,3,43,0.646562911,0.588526924
B12,6/13/2019,BFB,17,24,0,4,0,2,0,7,0,0,0,0,0,0,0,0,0,0,0,0,0,0,0,0,0,0,0,0,0,0,0,0,0,0,0,0,0,0,0,0,Natural,5,54,1.303969942,0.810202079
B13,6/13/2019,BFB,14,47,0,0,1,0,0,0,0,0,0,0,0,0,0,0,0,0,0,0,0,0,0,0,0,0,0,0,0,0,0,0,0,0,1,0,0,0,0,0,Natural,4,63,0.684345204,0.493650716
B14,6/13/2019,BFB,8,20,0,3,1,0,0,1,0,0,0,0,2,0,0,0,0,0,0,0,0,0,0,0,0,0,0,0,0,0,0,0,0,0,0,0,0,0,0,0,Natural,6,35,1.234424946,0.68894568
B15,6/13/2019,SNC,4,25,0,0,0,0,0,0,0,0,0,0,0,0,0,0,0,0,0,0,0,0,0,0,0,0,0,0,0,0,0,0,0,0,0,0,0,0,0,0,Greenroof,2,29,0.401189862,0.578794625
B16,6/13/2019,SNC,1,3,0,0,0,0,0,0,0,1,0,0,0,0,0,0,0,0,0,0,0,0,0,0,0,0,0,0,0,0,0,0,0,0,0,0,0,0,0,0,Greenroof,3,5,0.950270539,0.864973521
B17,6/13/2019,HDB,15,8,0,1,0,0,0,0,2,0,0,0,1,0,0,0,0,0,0,0,0,0,0,0,0,0,0,0,0,0,0,0,0,0,0,0,0,0,0,0,Greenroof,5,27,1.123889469,0.69831179
B18,6/13/2019,WSC,12,11,0,0,0,0,0,0,0,0,0,0,0,0,0,0,0,0,0,0,0,0,0,0,0,0,0,0,0,0,0,0,0,0,0,0,0,0,0,0,Greenroof,2,23,0.692201703,0.998635964
B19,6/13/2019,WSC,12,12,0,0,0,0,0,0,0,0,0,0,0,0,0,0,0,0,0,0,0,0,0,0,0,0,0,0,0,0,0,0,0,0,0,0,0,0,0,0,Greenroof,2,24,0.693147181,1
B20,6/13/2019,EWB,10,16,0,1,0,0,0,0,0,0,0,0,0,0,0,0,0,0,0,0,0,0,0,0,0,0,0,0,0,0,0,0,0,0,0,0,0,0,0,0,Greenroof,3,27,0.800012033,0.728202334
B21,6/13/2019,EWB,15,5,0,1,0,0,0,0,0,0,0,0,0,0,0,0,0,0,0,0,0,0,0,0,0,0,0,0,0,0,0,0,0,0,0,0,0,0,0,0,Greenroof,3,21,0.727001363,0.661745158
B35,7/18/2019,SSH,0,19,0,0,0,0,0,0,0,2,0,0,0,0,0,0,0,0,0,0,0,0,0,0,0,0,0,0,0,0,0,0,0,1,0,0,0,0,0,0,Natural,3,22,0.4851045,0.441561145
B36,7/18/2019,SSH,2,10,1,3,0,0,0,0,0,2,0,0,1,0,0,0,0,0,0,0,0,0,0,0,0,0,0,0,0,0,0,0,0,0,0,1,0,0,0,0,Natural,7,20,1.541018448,0.791926826
B37,7/18/2019,SSH,4,12,0,0,0,0,0,0,0,1,0,0,3,0,0,0,0,0,0,0,0,1,0,0,0,0,0,0,0,0,0,0,0,0,0,1,0,0,0,0,Natural,6,22,1.333774539,0.744393744
B38,7/18/2019,DGM,0,20,0,3,0,1,0,0,0,0,0,0,0,0,0,0,0,0,0,0,0,0,0,0,0,0,0,0,0,0,0,0,0,1,0,0,0,0,0,0,Natural,4,25,0.690456531,0.498059107
B39,7/18/2019,DGM,0,9,0,5,0,0,0,0,0,0,0,0,0,0,0,0,0,0,0,0,0,0,0,0,0,0,0,0,0,0,0,0,0,0,0,0,0,0,0,0,Natural,2,14,0.651756561,0.940285959
B40,7/18/2019,BFB,2,9,0,4,0,0,0,0,0,0,0,0,1,0,0,0,0,0,0,0,0,0,0,0,0,0,0,0,0,0,0,0,0,1,0,0,0,0,0,0,Natural,5,17,1.262243167,0.784275776
B41,7/18/2019,BFB,4,19,0,3,0,0,0,0,0,0,0,0,0,0,0,0,0,0,0,0,0,0,1,0,0,0,0,0,0,1,0,0,0,1,0,0,0,0,0,0,Natural,6,29,1.133318074,0.632516861
B42,7/18/2019,BFB,1,14,0,6,0,0,0,0,0,0,0,0,0,0,0,0,0,0,0,0,0,0,0,0,0,0,0,0,0,7,0,0,1,0,0,1,0,0,0,0,Natural,6,30,1.357239699,0.757489899
B43,7/18/2019,SNC,2,16,0,1,0,0,0,0,1,0,0,0,1,0,0,0,0,0,0,0,0,0,0,0,0,0,0,0,0,0,0,0,3,0,0,0,0,0,0,0,Greenroof,6,24,1.134572548,0.633216995
B44,7/18/2019,SNC,0,6,0,1,0,0,0,0,1,0,0,0,0,0,0,0,0,0,0,0,0,0,0,0,0,0,0,0,0,0,0,0,1,0,0,0,0,0,0,0,Greenroof,4,9,1.002718265,0.723308334
B45,7/18/2019,HDB,0,8,0,3,0,0,0,3,0,0,0,0,0,0,0,0,0,0,0,0,0,0,0,0,0,0,0,1,0,0,0,0,1,0,0,6,0,0,0,0,Greenroof,6,22,1.546598686,0.863173162
B46,7/18/2019,WSC,6,10,0,2,0,0,0,0,0,3,0,0,0,0,14,0,0,0,0,0,0,0,0,0,0,0,0,0,0,1,0,0,0,0,1,2,0,0,0,0,Greenroof,8,39,1.69454534,0.814904053
B47,7/18/2019,WSC,0,12,1,0,0,0,0,0,0,0,0,0,0,0,7,0,0,0,0,0,0,0,0,0,0,0,0,0,0,0,0,0,1,0,0,0,0,0,0,0,Greenroof,4,21,0.975939064,0.703991224
B48,7/18/2019,EWB,0,4,0,0,0,0,0,0,1,2,0,0,0,0,0,0,0,0,0,0,0,0,0,0,0,0,0,0,0,0,0,0,0,0,0,0,0,0,0,0,Greenroof,3,7,0.955699891,0.86991553
B49,7/18/2019,EWB,0,1,0,0,0,0,0,0,0,0,0,0,0,0,0,0,0,0,0,0,0,0,0,0,0,0,0,0,0,0,0,0,0,0,0,0,0,0,0,0,Greenroof,1,1,0,NA
B63,8/22/2019,SSH,6,12,1,0,0,0,0,1,0,1,0,0,0,0,0,0,0,0,0,0,0,0,0,0,1,0,0,0,0,0,0,0,1,1,0,0,0,0,0,0,Natural,8,24,1.487660638,0.715413542
B64,8/22/2019,SSH,0,8,0,2,0,0,0,0,0,0,0,0,3,0,0,0,0,0,0,0,0,0,0,0,0,0,0,0,0,0,0,0,0,1,0,0,0,0,0,0,Natural,4,14,1.116367075,0.805288622
B65,8/22/2019,SSH,0,4,0,1,0,0,0,0,0,0,0,0,1,0,0,0,0,0,0,0,0,0,0,0,0,0,0,0,0,0,0,0,0,0,0,0,0,0,0,0,Natural,3,6,0.867563228,0.789690082
B66,8/22/2019,DGM,0,10,0,1,0,0,0,0,0,0,0,0,1,0,0,0,0,0,0,0,0,0,0,0,0,0,0,0,0,0,0,0,0,0,0,0,0,0,0,0,Natural,3,12,0.566085739,0.515273445
B67,8/22/2019,DGM,1,9,0,0,0,0,0,0,0,1,0,0,0,0,0,0,0,0,0,0,0,0,0,0,0,0,0,0,0,0,0,0,0,0,0,0,0,0,0,0,Natural,3,11,0.600166073,0.546294702
B68,8/22/2019,DGM,4,6,0,0,0,1,0,0,0,0,0,0,1,0,0,0,0,0,0,0,0,0,0,0,0,0,0,0,0,0,0,0,0,0,0,0,0,0,0,0,Natural,4,12,1.126928795,0.812907292
B69,8/22/2019,BFB,0,12,0,4,0,0,0,2,0,0,0,0,5,0,0,0,0,0,0,0,0,0,0,0,2,0,0,0,0,0,0,0,0,0,0,0,0,0,0,0,Natural,5,25,1.371522404,0.852174783
B70,8/22/2019,BFB,0,14,0,2,0,1,0,0,0,0,0,0,4,0,0,0,0,0,0,0,0,0,0,0,0,0,0,0,0,0,0,0,0,1,0,0,0,0,0,0,Natural,5,22,1.096575434,0.681340626
B71,8/22/2019,BFB,0,6,0,2,1,0,0,1,0,0,0,0,4,0,0,0,0,0,0,0,0,0,0,0,0,0,0,0,0,0,0,0,1,0,0,0,0,0,0,0,Natural,6,15,1.529248293,0.853489723
B72,8/22/2019,SNC,0,17,0,1,0,0,0,1,0,0,0,0,1,0,0,0,0,0,0,0,0,0,0,0,0,0,0,0,0,0,0,0,0,1,0,0,0,0,0,0,Greenroof,5,21,0.750968778,0.466603137
B73,8/22/2019,SNC,0,9,0,0,0,0,0,1,0,1,0,0,0,0,0,0,0,0,0,0,0,0,0,0,0,0,0,0,0,0,0,0,0,0,0,0,0,0,0,0,Greenroof,3,11,0.600166073,0.546294702
B74,8/22/2019,HDB,0,2,1,6,0,0,0,0,0,0,0,0,1,0,0,0,0,0,0,0,0,0,0,0,0,0,0,0,0,0,0,0,0,0,0,0,0,0,0,0,Greenroof,4,10,1.088899975,0.785475297
B75,8/22/2019,WSC,0,1,0,2,0,0,0,0,0,0,0,0,3,0,0,0,0,0,0,0,0,0,0,0,0,0,0,0,0,0,0,0,0,0,2,0,0,0,0,0,Greenroof,4,8,1.320888343,0.952819531
B76,8/22/2019,WSC,0,9,0,4,0,0,0,0,0,0,0,0,1,0,0,0,0,0,0,0,0,0,0,0,4,0,0,0,0,0,0,0,0,0,1,0,0,0,0,0,Greenroof,5,19,1.319945501,0.820128251
B77,8/22/2019,EWB,0,11,0,0,0,0,0,0,0,0,0,0,3,0,0,0,0,0,0,0,0,0,0,0,0,0,0,0,0,0,0,0,0,0,0,3,0,1,0,0,Greenroof,4,18,1.058787217,0.763753534
B78,8/22/2019,EWB,0,8,0,0,0,0,0,0,0,0,0,0,4,0,0,0,0,0,0,0,0,0,0,0,0,0,0,0,0,0,0,0,0,0,0,0,0,0,0,0,Greenroof,2,12,0.636514168,0.918295834
R7,6/13/2019,SSH,6,34,0,1,0,3,0,0,0,0,0,0,0,0,0,0,0,0,0,0,0,1,0,0,0,0,0,0,0,1,0,0,0,0,0,1,0,0,0,0,Natural,7,47,1.000303952,0.514054543
R8,6/13/2019,SSH,16,17,2,14,1,0,0,0,0,1,0,0,0,0,0,0,0,0,0,0,0,0,0,0,0,0,0,0,0,0,0,0,0,0,0,0,0,0,0,0,Natural,6,51,1.365960076,0.762356834
R9,6/13/2019,SSH,8,13,5,6,0,0,0,0,0,0,0,0,0,0,0,0,0,0,0,0,0,2,0,0,0,0,0,0,0,0,0,0,0,0,0,0,0,0,0,0,Natural,5,34,1.462715974,0.908836534
R10,6/13/2019,DGM,3,14,0,0,0,0,0,0,0,0,0,0,0,0,0,0,0,0,0,0,0,0,0,0,0,0,0,0,0,0,0,0,0,0,0,0,0,0,0,0,Natural,2,17,0.465999257,0.672294817
R11,6/13/2019,DGM,5,13,0,0,0,0,0,0,0,0,0,0,0,0,0,0,0,0,0,0,0,0,0,0,0,0,0,0,0,0,0,0,0,0,0,0,0,0,0,0,Natural,2,18,0.590842246,0.852405179
R12,6/13/2019,DGM,6,6,0,0,0,0,0,0,0,0,0,0,0,0,0,0,0,0,0,0,0,0,0,0,0,0,0,0,0,0,0,0,0,0,1,0,0,0,0,0,Natural,3,13,0.91101754,0.829243901
R13,6/13/2019,BFB,2,20,0,0,0,0,0,0,0,0,0,0,0,0,0,0,0,0,0,0,0,0,0,0,0,0,0,0,0,1,0,0,0,0,0,0,0,0,1,0,Natural,4,24,0.623848004,0.450011211
R14,6/13/2019,BFB,7,27,0,2,1,0,0,0,0,1,0,0,0,0,0,0,0,0,0,0,0,0,0,0,0,0,0,0,0,0,0,0,0,1,0,0,0,0,0,0,Natural,6,39,0.997016498,0.556445502
R15,6/13/2019,BFB,4,20,0,2,3,2,0,0,0,2,0,0,0,0,0,0,0,0,0,0,0,0,0,0,0,0,0,1,0,0,0,0,0,0,0,0,0,0,0,0,Natural,7,34,1.381815146,0.710112513
R16,6/13/2019,SNC,2,5,0,0,0,0,0,0,0,0,0,0,0,0,0,0,0,0,0,0,0,0,0,0,0,0,0,0,0,0,0,0,0,0,0,0,0,0,0,0,Greenroof,2,7,0.598269589,0.863120569
R17,6/13/2019,SNC,0,14,0,2,0,1,0,0,0,0,0,0,0,0,0,0,0,0,0,0,0,0,0,0,0,0,0,0,0,0,0,0,0,0,0,2,0,0,0,0,Greenroof,4,19,0.853944698,0.615990891
R18,6/13/2019,SNC,0,6,0,1,1,1,0,0,0,0,0,0,0,0,0,0,0,0,0,0,0,0,0,0,0,0,0,0,0,0,0,0,0,0,0,0,0,0,0,0,Greenroof,4,9,1.002718265,0.723308334
R19,6/13/2019,HDB,7,8,0,0,0,0,0,0,0,1,0,0,0,0,0,0,0,0,0,0,0,0,0,0,0,0,0,0,0,0,0,0,0,0,0,0,0,0,0,0,Greenroof,3,16,0.881532261,0.802405244
R20,6/13/2019,HDB,4,8,0,0,0,0,0,0,0,1,0,0,0,0,0,0,0,0,0,0,0,0,0,0,0,0,0,0,0,0,0,0,0,0,0,1,0,0,0,0,Greenroof,4,14,1.054720917,0.760820318
R21,6/13/2019,WSC,10,7,3,0,0,0,0,0,0,0,0,0,1,0,0,0,0,0,0,0,0,0,0,0,0,0,0,0,0,2,0,0,0,0,6,0,0,0,0,0,Greenroof,6,29,1.571436864,0.877035613
R22,6/13/2019,WSC,8,6,0,0,0,0,0,0,0,1,0,0,0,0,0,0,0,0,0,0,0,0,0,1,0,0,0,0,0,0,0,0,0,0,0,1,0,0,0,0,Greenroof,5,17,1.222266924,0.759437139
R23,6/13/2019,WSC,7,11,0,0,0,0,0,0,0,1,0,0,0,0,0,0,0,0,0,0,0,0,0,0,0,0,0,0,1,1,0,0,0,0,1,1,0,0,0,0,Greenroof,7,23,1.396441214,0.717628825
R24,6/13/2019,EWB,11,162,0,0,0,1,0,0,0,0,0,0,0,0,0,0,0,0,0,0,0,0,0,0,0,0,0,0,0,0,0,0,0,0,0,1,0,0,0,0,Greenroof,4,175,0.304400521,0.219578561
R25,6/13/2019,EWB,16,213,0,0,0,0,0,0,0,0,0,0,0,0,0,0,0,0,0,0,0,0,0,0,0,0,0,0,0,0,0,0,0,0,0,0,0,0,0,0,Greenroof,2,229,0.253299947,0.365434578
R26,6/13/2019,EWB,10,154,0,0,0,0,0,0,0,0,0,0,0,0,0,0,0,0,0,0,0,0,0,0,0,0,0,0,0,0,0,0,0,0,0,0,0,0,0,0,Greenroof,2,164,0.229643552,0.331305613
R40,7/18/2019,SSH,0,3,3,3,0,2,0,0,0,1,0,0,2,0,0,0,0,0,0,0,0,0,0,0,0,0,0,0,0,0,1,0,0,0,0,0,0,0,0,0,Natural,7,15,1.86404358,0.957928906
R41,7/18/2019,SSH,0,13,2,5,1,2,0,0,0,4,0,1,0,2,0,0,0,0,0,0,0,1,0,0,0,0,0,0,0,0,0,0,0,0,0,0,0,0,0,0,Natural,9,31,1.78574231,0.812726349
R42,7/18/2019,SSH,0,9,1,6,0,0,0,0,0,6,0,0,0,1,0,0,0,0,0,0,0,0,0,0,0,0,0,0,0,0,0,0,0,0,2,0,0,0,0,0,Natural,6,25,1.512378657,0.8440746
R43,7/18/2019,DGM,0,8,0,0,0,0,0,0,0,3,0,0,2,1,0,0,0,0,0,0,0,0,0,0,0,0,0,0,0,0,0,0,0,0,1,1,0,0,0,0,Natural,6,16,1.44023475,0.803810319
R44,7/18/2019,DGM,0,11,2,0,0,0,0,0,0,4,0,0,0,0,0,0,0,0,0,0,0,0,0,0,0,0,0,0,0,0,0,0,1,0,0,1,0,0,0,0,Natural,5,19,1.191369516,0.7402395
R45,7/18/2019,DGM,0,23,0,1,0,1,0,0,0,4,0,0,0,0,0,0,0,0,0,0,0,0,0,0,0,0,0,0,0,0,0,0,0,0,0,0,0,0,0,0,Natural,4,29,0.68931154,0.49723317
R46,7/18/2019,BFB,2,21,3,0,3,5,0,0,0,11,0,0,0,1,0,0,0,0,0,0,0,0,0,0,0,0,0,0,0,0,0,0,0,0,2,1,0,0,0,0,Natural,9,49,1.693386192,0.770693269
R47,7/18/2019,BFB,0,27,1,0,1,1,0,0,0,13,0,0,0,0,0,0,0,0,0,0,0,0,0,0,0,0,0,1,0,0,1,0,4,0,1,0,0,0,0,0,Natural,9,50,1.354480716,0.61645074
R48,7/18/2019,BFB,0,40,1,0,1,13,0,0,0,10,0,0,9,0,0,0,0,0,0,0,0,0,0,0,0,0,0,1,0,1,1,0,0,0,0,2,0,0,0,0,Natural,10,79,1.520249292,0.660235879
R49,7/18/2019,SNC,0,2,0,0,0,1,0,0,0,1,0,0,0,3,0,0,0,0,0,0,0,0,0,0,0,0,0,0,0,0,0,0,0,0,0,0,0,0,0,0,Greenroof,4,7,1.277034259,0.921185497
R50,7/18/2019,SNC,0,7,0,0,0,0,0,0,0,2,0,0,0,0,0,0,0,0,0,0,0,0,0,0,0,0,0,0,0,0,0,0,0,1,0,0,0,0,0,0,Greenroof,3,10,0.801818553,0.729846699
R51,7/18/2019,SNC,0,5,5,0,0,1,0,0,0,1,0,0,1,0,0,0,0,0,0,0,0,0,0,0,0,0,0,0,0,0,0,0,0,0,0,0,0,0,0,0,Greenroof,5,13,1.326920194,0.824461872
R52,7/18/2019,HDB,0,13,2,0,1,0,0,0,0,7,0,0,1,2,0,0,0,0,0,0,0,0,0,1,0,0,0,0,0,0,0,0,0,0,0,7,0,0,0,0,Greenroof,8,34,1.662840746,0.799657366
R53,7/18/2019,HDB,0,4,0,0,0,1,0,0,0,1,0,0,2,0,0,0,0,0,0,0,0,0,0,1,0,0,0,0,2,0,0,0,0,0,0,3,0,0,0,0,Greenroof,7,14,1.809514256,0.929906377
R54,7/18/2019,WSC,0,11,2,0,0,13,0,0,0,4,0,0,232,0,0,0,0,0,0,0,0,1,0,0,0,0,0,0,0,2,0,0,0,0,8,5,0,0,0,0,Greenroof,9,278,0.748611229,0.340707653
R55,7/18/2019,WSC,0,13,11,1,0,8,0,0,0,14,0,0,1029,0,0,1,0,0,0,0,0,0,0,0,0,0,1,0,1,1,1,0,0,0,5,3,0,0,0,1,Greenroof,14,1090,0.331416254,0.125581301
R56,7/18/2019,WSC,0,20,4,0,0,3,0,0,2,17,0,0,886,0,0,0,1,0,0,0,0,0,0,0,0,0,0,0,0,2,1,0,2,0,12,10,0,0,0,0,Greenroof,12,960,0.422188369,0.169901098
R57,7/18/2019,EWB,0,7,0,0,0,0,0,0,0,1,0,0,0,0,0,0,0,0,0,0,0,0,0,0,0,0,0,0,0,0,0,0,0,0,0,5,0,0,0,0,Greenroof,3,13,0.898137003,0.817519531
R58,7/18/2019,EWB,0,17,0,0,0,1,0,0,0,0,0,0,0,0,0,0,0,0,0,0,0,1,0,0,0,0,1,0,0,0,0,0,1,0,0,2,0,0,0,0,Greenroof,6,23,0.981106337,0.547565873
R59,7/18/2019,EWB,0,9,0,0,0,1,0,0,0,0,0,0,0,0,0,0,0,0,0,0,0,0,0,0,0,0,0,0,0,0,0,0,0,0,0,1,0,0,0,0,Greenroof,3,11,0.600166073,0.546294702
R73,8/22/2019,SSH,1,2,2,0,0,3,0,0,0,0,0,0,2,0,0,0,0,0,0,0,0,0,0,0,0,0,0,0,0,0,0,0,0,0,0,0,0,0,0,0,Natural,5,10,1.557113098,0.967488765
R74,8/22/2019,SSH,0,4,0,0,0,6,0,0,0,2,0,0,2,0,0,0,0,0,0,0,0,1,0,0,0,0,0,0,0,0,0,0,2,0,0,1,0,0,0,1,Natural,8,19,1.867880172,0.898260487
R75,8/22/2019,SSH,0,10,0,1,3,5,0,0,0,2,0,0,2,0,0,0,0,0,0,0,0,0,0,0,0,0,0,0,0,0,0,0,1,0,0,1,0,0,0,0,Natural,8,25,1.733217182,0.833501278
R76,8/22/2019,DGM,0,5,0,0,0,2,0,0,0,1,0,0,3,0,0,0,0,0,0,0,0,0,0,1,0,0,0,0,0,0,0,0,1,0,0,0,0,0,0,0,Natural,6,13,1.585770835,0.885035554
R77,8/22/2019,DGM,0,1,0,0,0,0,0,0,0,0,0,0,0,0,0,0,0,0,0,0,0,0,0,0,0,0,0,0,0,0,0,0,0,0,1,0,0,0,0,0,Natural,2,2,0.693147181,1
R78,8/22/2019,DGM,0,1,0,0,0,0,0,0,0,2,0,0,1,0,0,0,0,0,0,0,0,0,0,0,0,0,0,0,0,0,0,1,0,0,0,0,0,0,0,0,Natural,4,5,1.33217904,0.960964047
R79,8/22/2019,BFB,0,13,1,1,1,12,0,0,0,0,0,0,13,0,0,0,0,0,0,0,0,0,0,0,0,0,0,0,0,0,0,0,0,0,0,0,0,0,0,0,Natural,6,41,1.359729064,0.75887924
R80,8/22/2019,BFB,0,8,3,0,2,16,0,0,0,3,0,0,18,0,0,0,0,0,0,0,0,0,0,0,1,0,0,0,0,0,0,0,0,0,1,0,0,0,0,0,Natural,8,52,1.624289649,0.781118207
R81,8/22/2019,BFB,0,23,5,1,1,19,0,0,0,4,0,0,12,0,0,0,0,0,0,0,0,0,0,0,1,0,0,0,0,0,0,0,1,2,1,1,0,0,0,1,Natural,13,72,1.875857109,0.731342747
R82,8/22/2019,SNC,0,2,0,0,0,0,0,0,0,1,0,0,0,0,0,0,0,0,0,0,0,0,0,0,0,0,0,0,0,0,0,0,0,0,0,1,0,0,0,0,Greenroof,3,4,1.039720771,0.94639463
R83,8/22/2019,SNC,0,6,0,0,0,0,0,0,0,0,0,1,0,0,0,0,0,0,0,0,0,0,0,0,0,0,0,0,0,0,0,0,0,0,0,0,0,0,0,0,Greenroof,2,7,0.410116318,0.591672779
R84,8/22/2019,SNC,0,5,0,1,0,0,0,0,0,1,0,0,0,0,0,0,0,0,0,0,0,0,0,0,0,0,0,0,0,0,0,0,0,0,0,0,0,0,0,0,Greenroof,3,7,0.79631164,0.724834092
R85,8/22/2019,HDB,0,7,0,0,0,3,0,0,0,1,0,0,4,1,0,0,0,0,0,0,0,0,0,0,0,0,0,0,0,0,0,0,1,0,0,0,0,0,0,0,Greenroof,6,17,1.511896559,0.843805536
R86,8/22/2019,HDB,0,9,0,0,0,3,0,0,0,1,0,0,4,1,0,0,0,0,0,0,0,0,0,0,0,0,0,0,0,0,0,0,2,0,0,2,0,0,0,0,Greenroof,7,22,1.664286807,0.855274231
R87,8/22/2019,WSC,0,14,0,0,0,2,0,0,2,1,0,0,2,0,0,1,0,0,0,0,0,0,0,0,2,0,0,0,0,0,0,0,3,0,32,0,0,0,0,0,Greenroof,9,59,1.421751583,0.647067031
R88,8/22/2019,WSC,0,15,4,0,0,8,0,0,0,2,0,0,2,0,0,0,0,0,0,0,0,1,0,0,0,0,0,0,0,0,0,0,2,0,27,1,0,0,0,0,Greenroof,9,62,1.61184501,0.733582278
R89,8/22/2019,WSC,0,24,7,0,0,11,0,0,0,1,0,0,2,0,0,0,0,0,0,0,0,0,0,0,0,0,0,0,0,0,0,2,1,0,45,0,0,0,0,0,Greenroof,8,93,1.410621948,0.678365763
R90,8/22/2019,EWB,0,12,0,0,0,4,0,0,0,1,0,0,8,1,0,0,0,0,0,0,0,0,0,0,0,0,0,0,0,0,0,0,0,0,0,1,0,0,0,0,Greenroof,6,27,1.369926141,0.764570337
R91,8/22/2019,EWB,0,19,0,0,0,1,0,0,0,4,0,0,7,0,0,0,0,0,0,0,0,0,0,0,0,0,0,0,0,0,0,0,1,0,0,2,0,1,0,0,Greenroof,7,35,1.369714249,0.703893882
R92,8/22/2019,EWB,0,13,0,0,0,2,0,0,0,1,0,0,7,0,0,0,0,0,0,0,0,0,0,0,0,0,0,0,1,0,0,0,0,0,0,0,0,0,0,0,Greenroof,5,24,1.16338687,0.722852905
C14,6/13/2019,SNC,0,15,0,0,0,0,0,0,0,0,0,0,0,0,0,0,0,0,0,0,0,0,0,0,0,0,0,0,0,0,0,0,0,0,0,9,0,0,0,0,Greenroof,2,24,0.661563238,0.954434003
C15,6/13/2019,SNC,0,10,0,0,1,1,0,0,0,0,0,0,0,0,0,0,0,0,0,0,0,0,0,0,0,0,0,0,0,0,0,0,0,0,0,18,0,0,0,0,Greenroof,4,30,0.899445963,0.648813115
C16,6/13/2019,SNC,0,24,0,0,0,1,0,0,0,1,0,0,0,0,0,0,0,0,0,0,0,0,0,0,0,0,0,0,0,0,0,0,0,0,0,0,0,0,0,0,Greenroof,3,26,0.324508387,0.295380263
C17,6/13/2019,SNC,0,10,1,0,2,1,0,0,0,2,0,0,2,0,0,0,0,0,0,0,0,0,0,0,0,1,0,0,0,0,0,0,1,0,0,5,0,0,0,0,Greenroof,9,25,1.809598882,0.823583943
C18,6/13/2019,SNC,0,27,0,0,0,0,0,0,0,2,0,0,0,0,0,0,0,0,0,0,0,0,0,0,0,0,0,0,0,0,0,0,0,0,0,0,0,0,0,0,Greenroof,2,29,0.250954804,0.362051252
C19,6/13/2019,SNC,0,9,0,0,0,1,0,0,0,2,0,0,6,0,0,0,0,0,0,0,0,0,0,0,0,0,0,0,0,0,0,0,0,0,0,4,0,0,0,0,Greenroof,5,22,1.38844928,0.862692042
C20,6/13/2019,HDB,0,34,0,0,1,1,0,0,1,4,0,0,0,0,0,0,0,0,0,0,0,0,0,0,0,0,0,0,0,0,0,0,1,0,0,259,0,0,0,0,Greenroof,7,301,0.508904606,0.261525233
C21,6/13/2019,HDB,3,27,0,1,1,2,0,0,0,2,0,0,2,0,0,0,0,0,0,0,0,0,0,0,0,0,0,0,0,0,0,0,1,0,0,124,0,0,0,0,Greenroof,9,163,0.835116891,0.380078077
C22,6/13/2019,HDB,12,39,0,0,1,1,0,0,1,7,0,0,0,0,0,0,0,0,0,0,0,0,0,0,0,0,0,0,0,0,0,0,0,0,0,53,0,0,0,0,Greenroof,7,114,1.255982427,0.645447287
C23,6/13/2019,BFB,0,87,0,1,0,1,0,0,0,0,0,0,1,0,0,0,0,0,0,0,0,0,0,0,0,0,0,0,0,0,0,0,1,0,0,0,0,0,0,0,Natural,5,91,0.241255041,0.149900185
C25,6/13/2019,BFB,1,143,0,0,7,4,0,0,0,1,0,0,0,0,0,0,0,0,0,0,0,0,0,0,0,0,0,0,0,0,0,0,0,0,0,0,0,0,0,0,Natural,5,156,0.377719273,0.234690179
C28,6/13/2019,BFB,0,122,0,0,3,4,0,0,0,1,0,0,0,0,0,0,0,0,0,0,0,0,0,0,0,0,0,0,0,0,0,0,0,0,0,1,0,0,0,0,Natural,5,131,0.333734867,0.207361132
C33,6/13/2019,EWB,3,202,0,0,0,1,0,0,1,3,0,0,0,0,0,0,0,0,0,0,0,0,0,0,0,0,0,0,0,0,0,0,0,0,0,0,0,0,0,0,Greenroof,5,210,0.209670633,0.130275689
C37,6/13/2019,SSH,4,83,0,0,4,16,0,0,0,1,0,0,1,0,0,0,0,0,0,0,0,0,0,0,2,0,0,0,0,0,0,0,0,0,0,0,0,0,0,0,Natural,7,111,0.893297415,0.459064061
C39,6/13/2019,SSH,3,45,0,0,1,5,0,0,0,1,0,0,1,0,0,0,0,0,0,0,0,0,0,0,0,0,0,0,0,0,1,0,0,0,0,0,0,0,0,0,Natural,7,57,0.838790944,0.431053276
C40,6/13/2019,SSH,3,63,0,0,1,1,0,0,0,0,0,0,1,0,0,0,0,0,0,0,0,0,0,0,0,0,0,0,0,0,0,0,0,0,0,0,0,0,0,0,Natural,5,69,0.403478611,0.250695357
C44,6/13/2019,WSC,1,63,0,0,4,0,0,0,0,1,0,0,1,0,0,0,0,0,0,0,0,0,0,0,0,0,0,0,0,0,0,0,0,0,0,55,0,0,0,0,Greenroof,6,125,0.932585814,0.520486053
C47,6/13/2019,WSC,1,45,0,0,0,5,0,0,0,0,0,0,1,0,0,0,0,0,0,0,0,0,0,0,0,0,0,0,0,0,0,0,0,0,0,78,0,0,0,0,Greenroof,5,130,0.873916834,0.542995059
C46,6/13/2019,WSC,1,59,0,1,1,2,0,0,0,2,0,0,2,0,0,0,1,0,0,0,0,1,0,0,0,0,0,0,0,0,0,0,0,0,0,118,0,0,0,0,Greenroof,10,188,0.940301655,0.40836782
C24,6/13/2019,BFB,0,125,0,0,5,5,0,0,0,1,0,0,2,0,0,0,0,0,0,0,0,3,0,0,0,0,0,0,0,0,0,0,1,0,0,4,0,0,0,0,Natural,8,146,0.669490834,0.321957036
C26,6/13/2019,BFB,0,76,0,1,5,9,0,0,0,1,1,0,1,0,0,0,0,0,0,0,0,2,0,0,0,0,0,0,0,0,0,0,1,0,0,5,0,0,0,0,Natural,10,102,1.032899984,0.448582764
C27,6/13/2019,BFB,2,104,0,0,5,3,0,0,0,1,0,0,0,0,0,0,0,0,0,0,0,0,0,0,0,0,0,0,0,0,1,0,2,0,0,1,0,0,0,0,Natural,8,119,0.601541404,0.289280267
C29,6/13/2019,BFB,0,112,0,0,0,0,0,0,0,1,0,0,0,0,0,0,0,0,0,0,0,0,0,0,0,0,0,0,0,0,0,0,0,0,0,1,0,0,0,0,Natural,3,114,0.100480259,0.091461073
C30,6/13/2019,EWB,0,59,0,0,0,0,0,0,1,0,0,0,0,0,0,0,0,0,0,0,0,0,0,0,0,0,0,0,0,0,0,0,0,0,0,34,0,0,0,0,Greenroof,3,94,0.708497261,0.644901999
C31,6/13/2019,EWB,3,164,0,0,2,2,0,0,0,0,0,0,0,0,0,0,0,0,0,0,0,0,0,0,0,0,0,0,0,0,0,0,0,0,0,16,0,0,0,0,Greenroof,5,187,0.488820171,0.303721049
C32,6/13/2019,EWB,4,108,0,0,0,0,0,0,1,0,0,0,0,0,0,0,0,0,0,0,0,2,0,0,0,0,0,0,0,0,0,0,1,0,0,18,0,0,0,0,Greenroof,6,134,0.684195502,0.38185678
C34,6/13/2019,EWB,8,87,0,0,2,0,0,0,2,1,0,0,1,0,0,0,0,0,0,0,0,0,0,0,0,0,0,0,0,0,0,0,0,0,0,72,0,0,0,0,Greenroof,7,173,1.01536045,0.521792052
C35,6/13/2019,EWB,1,77,0,0,0,0,0,0,1,1,0,0,1,0,0,0,0,0,0,0,0,0,0,0,0,0,0,0,1,0,0,0,0,0,0,18,0,0,0,0,Greenroof,7,100,0.740173095,0.380373726
C36,6/13/2019,SSH,2,62,0,0,1,3,0,0,0,1,0,0,0,0,0,0,0,0,0,0,0,0,0,0,0,0,0,0,0,0,0,0,0,1,0,3,0,0,0,0,Natural,7,73,0.675934784,0.347361765
C38,6/13/2019,SSH,2,42,0,0,1,5,0,0,0,1,0,0,1,0,0,0,1,0,0,0,0,0,0,0,1,0,0,0,0,0,0,0,0,1,0,0,0,0,0,0,Natural,9,55,0.98159486,0.446743073
C41,6/13/2019,SSH,3,48,0,0,1,2,0,0,0,1,0,0,1,0,0,0,0,0,0,0,0,0,0,0,0,0,0,0,0,0,0,0,1,0,0,0,0,0,0,0,Natural,7,57,0.700949869,0.360216976
C42,6/13/2019,WSC,3,55,0,0,0,4,0,0,1,0,0,0,0,0,0,0,0,0,0,0,0,0,0,0,0,0,0,0,0,0,0,0,0,0,0,34,0,0,0,0,Greenroof,5,97,0.975323377,0.606002487
C45,6/13/2019,WSC,6,56,0,0,2,4,0,0,0,0,0,0,2,0,0,0,0,0,0,0,0,0,0,0,0,0,0,0,0,0,0,0,0,0,0,35,0,0,0,0,Greenroof,6,105,1.140387019,0.636462113
C43,6/13/2019,WSC,25,59,0,2,1,6,0,0,0,0,0,0,1,0,0,0,0,0,0,0,0,2,0,0,0,0,0,0,0,0,0,0,0,0,0,35,0,0,0,0,Greenroof,8,131,1.371327609,0.659469181
C73,7/18/2019,DGM,0,74,0,1,0,2,0,0,0,2,0,0,0,0,0,0,0,0,0,0,0,0,0,0,0,0,0,0,0,1,0,0,0,0,0,6,0,0,0,0,Natural,6,86,0.593603547,0.331296448
C75,7/18/2019,DGM,0,54,0,0,0,3,0,0,0,2,1,0,1,0,0,0,0,0,0,0,0,0,0,0,0,0,0,0,0,0,0,0,0,0,0,3,0,0,0,0,Natural,6,64,0.668522043,0.373109256
C77,7/18/2019,DGM,0,58,0,0,0,1,0,0,0,1,1,0,0,0,0,0,0,0,0,0,0,0,0,0,0,0,0,0,0,0,1,0,0,0,0,12,0,0,0,0,Natural,6,74,0.718597871,0.401057108
C70,7/18/2019,HDB,0,9,0,0,0,6,0,0,0,4,0,0,4,0,0,0,0,0,0,0,0,0,0,0,0,0,0,0,0,0,0,0,0,0,0,73,0,0,0,0,Greenroof,5,96,0.868312024,0.539512594
C71,7/18/2019,HDB,0,12,0,0,0,4,0,0,0,5,0,0,3,0,0,0,0,0,0,0,0,2,0,0,0,0,0,0,0,0,0,0,0,0,0,30,0,0,0,0,Greenroof,6,56,1.344471343,0.750363744
C72,7/18/2019,HDB,0,6,0,0,0,9,0,0,0,4,0,0,3,0,0,0,0,0,0,0,0,1,0,0,0,0,0,0,0,0,0,0,0,0,0,32,0,0,0,0,Greenroof,6,55,1.2751488,0.711674095
C74,7/18/2019,DGM,0,57,0,1,4,4,0,0,0,2,0,0,3,0,0,0,0,0,0,0,0,0,0,0,0,0,0,0,0,0,0,0,0,0,1,0,0,0,0,0,Natural,7,72,0.856854891,0.440336308
C76,7/18/2019,DGM,1,47,0,0,0,2,0,0,0,2,0,0,4,0,0,0,0,0,0,0,0,3,0,0,0,0,0,0,0,1,0,0,0,0,0,2,0,0,0,0,Natural,8,62,0.998798342,0.480320472
C78,7/18/2019,DGM,0,56,0,1,0,1,0,0,0,2,0,0,0,0,0,0,0,0,0,0,0,0,0,0,0,0,0,0,0,0,0,0,1,0,0,7,0,0,0,0,Natural,6,68,0.683811233,0.381642316
C101,7/18/2019,SSH,0,32,0,0,1,4,0,0,0,2,0,0,11,4,2,0,0,0,0,0,0,2,0,0,0,0,0,0,0,0,0,0,1,0,0,6,0,0,0,0,Natural,10,65,1.662384321,0.721964337
C102,7/18/2019,SSH,3,47,0,0,2,5,0,0,0,2,0,0,4,5,6,0,0,0,0,0,0,1,0,0,0,1,0,0,1,0,0,0,0,0,0,4,0,0,0,0,Natural,12,81,1.617157134,0.650791906
C103,7/18/2019,SSH,1,63,0,0,2,4,0,0,0,6,0,0,9,0,11,0,0,0,0,0,0,0,0,0,0,0,0,0,0,0,0,0,1,1,0,10,0,0,0,0,Natural,10,108,1.461045704,0.634524087
C104,7/18/2019,SSH,1,27,0,0,3,7,0,1,0,5,0,0,8,2,3,0,0,0,0,0,0,2,0,1,0,0,0,0,0,0,0,0,1,0,0,8,0,0,0,0,Natural,13,69,2.012490807,0.784612297
C105,7/18/2019,SSH,0,36,0,0,1,5,0,0,0,3,0,0,3,4,0,0,0,0,0,0,0,1,0,0,0,0,0,0,0,0,0,0,0,0,0,3,1,0,0,0,Natural,9,57,1.367848472,0.622534667
C106,7/18/2019,SSH,1,65,1,1,1,8,0,0,0,2,0,0,3,13,0,0,0,0,0,0,0,0,0,0,0,0,0,0,0,0,0,0,3,0,0,2,1,0,0,0,Natural,12,101,1.341067953,0.539685446
C107,7/18/2019,SNC,0,29,0,0,1,3,0,0,0,1,0,0,0,55,0,0,0,0,0,0,0,1,0,1,0,0,0,0,1,0,0,0,0,0,0,2,0,0,0,0,Greenroof,9,94,1.109922064,0.505147301
C108,7/18/2019,SNC,0,24,0,0,4,8,0,0,0,6,0,0,7,64,0,0,0,0,0,0,0,0,0,1,0,0,1,0,1,0,0,0,1,0,0,10,0,0,0,0,Greenroof,11,127,1.599932773,0.66722379
C109,7/18/2019,SNC,0,21,0,0,4,2,0,0,0,5,0,0,3,66,0,0,0,0,0,0,0,0,0,0,0,0,0,0,0,0,0,0,1,0,0,9,0,0,0,0,Greenroof,8,111,1.299604944,0.624977869
C110,7/18/2019,SNC,3,15,0,0,2,2,0,0,0,2,0,0,0,10,0,0,0,0,0,0,0,0,0,0,0,0,0,0,0,0,0,0,3,0,0,1,0,0,0,0,Greenroof,8,38,1.67976614,0.80779676
C111,7/18/2019,SNC,1,42,0,0,1,1,0,1,0,10,0,0,3,72,0,0,0,0,0,0,0,0,0,0,0,0,0,0,0,0,0,0,0,0,0,20,0,0,0,0,Greenroof,9,151,1.36735654,0.62231078
C112,7/18/2019,SNC,0,16,0,0,1,3,0,0,0,1,0,0,3,49,0,0,0,0,0,0,0,0,0,0,0,0,0,0,0,0,0,0,0,0,0,4,0,0,0,0,Greenroof,7,77,1.133448729,0.582477423
C113,7/18/2019,EWB,0,23,0,0,3,4,0,0,0,0,0,0,4,1,0,0,0,0,0,0,0,0,0,0,0,0,0,0,0,0,0,0,4,0,0,31,0,0,0,0,Greenroof,7,70,1.412761821,0.726015958
C114,7/18/2019,EWB,0,23,0,0,2,2,0,0,0,2,0,0,2,1,0,0,0,0,0,0,0,0,0,0,0,0,0,0,1,0,0,0,1,0,0,11,0,0,0,0,Greenroof,9,45,1.494698214,0.680266473
C115,7/18/2019,EWB,0,22,0,0,0,3,0,0,0,1,0,0,1,1,0,0,0,0,0,0,0,0,0,0,0,0,0,0,1,0,0,0,0,0,0,29,0,1,0,0,Greenroof,8,59,1.213972191,0.58379722
C116,7/18/2019,EWB,0,30,0,0,3,1,0,0,0,1,0,0,3,3,0,0,0,0,0,0,0,0,0,0,0,1,0,0,0,0,0,0,0,0,0,14,0,0,0,0,Greenroof,8,56,1.366954643,0.657366228
C117,7/18/2019,EWB,0,40,1,0,4,7,0,0,0,0,0,0,1,0,0,0,0,0,0,0,0,0,0,0,0,0,0,0,0,0,0,0,0,0,0,29,0,0,0,0,Greenroof,6,82,1.182654543,0.660052068
C118,7/18/2019,EWB,0,3,0,0,1,0,0,0,0,1,0,0,0,0,0,0,0,0,0,0,0,0,0,0,0,0,0,0,0,0,0,0,3,0,0,0,0,0,0,0,Greenroof,4,8,1.255482325,0.905639062
C119,7/18/2019,BFB,0,218,0,0,0,3,0,0,0,2,0,0,4,0,0,0,0,0,1,0,0,0,0,0,0,0,0,0,0,0,5,0,0,0,0,0,0,0,0,0,Natural,6,233,0.334753381,0.186829419
C120,7/18/2019,BFB,0,247,0,0,0,2,0,0,0,2,0,0,2,9,1,0,0,0,0,0,0,0,0,0,0,0,0,0,0,0,2,0,0,0,0,2,0,0,0,0,Natural,8,267,0.390524268,0.187802475
C121,7/18/2019,BFB,0,84,0,0,2,7,0,0,0,4,0,0,2,8,0,0,0,0,0,0,0,0,0,0,0,0,0,0,0,0,2,0,1,0,0,6,0,0,0,0,Natural,9,116,1.1078994,0.504226746
C122,7/18/2019,BFB,0,122,0,0,1,13,0,0,0,0,0,0,2,3,0,0,0,0,0,0,0,0,0,0,0,0,0,0,1,0,0,0,1,1,0,2,0,0,0,0,Natural,9,146,0.699337206,0.318282079
C123,7/18/2019,BFB,0,165,0,1,2,4,0,0,0,1,0,1,2,1,0,0,0,0,0,0,0,0,0,0,0,0,0,0,0,0,1,0,0,0,0,4,0,0,0,0,Natural,10,182,0.498820166,0.216634846
C124,7/18/2019,BFB,0,205,0,2,1,6,0,0,0,3,1,0,2,3,0,0,0,0,0,0,0,0,0,0,0,0,0,0,0,0,2,0,1,0,0,1,0,0,0,0,Natural,11,227,0.523107906,0.218152941
C125,7/18/2019,WSC,0,35,0,0,0,6,0,0,0,4,0,0,18,7,0,0,0,0,0,0,0,1,0,0,0,0,2,0,0,0,3,0,0,1,0,13,0,0,0,0,Greenroof,10,90,1.784171315,0.774855757
C126,7/18/2019,WSC,0,71,0,0,0,9,0,0,6,7,0,0,95,2,0,0,2,0,0,0,0,0,0,0,0,0,1,0,0,0,2,0,1,0,0,60,0,0,0,0,Greenroof,11,256,1.524727906,0.635860925
C127,7/18/2019,WSC,1,61,0,0,0,3,0,0,5,4,1,0,19,0,0,0,0,0,0,0,0,0,0,0,0,0,0,0,0,0,2,0,0,0,0,69,0,0,0,0,Greenroof,9,165,1.365730363,0.621570675
C128,7/18/2019,WSC,1,43,0,0,2,12,0,0,7,3,0,0,60,2,0,0,2,0,0,0,0,0,0,0,0,0,5,0,0,0,3,0,3,0,0,68,0,0,0,0,Greenroof,13,211,1.750660803,0.682532307
C129,7/18/2019,WSC,0,40,0,0,0,14,0,0,1,8,0,1,37,12,0,0,1,0,0,0,0,0,0,0,0,0,1,0,0,0,2,0,0,0,0,33,0,0,0,0,Greenroof,11,150,1.801759297,0.751391988
C130,7/18/2019,WSC,1,42,0,0,1,7,0,0,2,11,0,0,44,2,0,0,2,0,0,0,0,0,0,0,0,0,0,0,1,1,2,0,1,0,0,46,0,0,0,0,Greenroof,14,163,1.749287817,0.662845705
C141,8/22/2019,HDB,0,19,0,0,0,16,0,0,0,0,0,0,109,13,0,0,0,0,0,0,0,0,0,0,0,0,0,0,0,0,0,0,1,1,0,42,0,0,0,0,Greenroof,7,201,1.313309162,0.674907401
C142,8/22/2019,HDB,0,16,0,0,0,10,0,0,0,6,0,0,133,13,0,0,0,0,0,0,0,0,0,0,0,0,0,0,0,0,0,0,1,0,0,123,0,0,0,0,Greenroof,7,302,1.227654571,0.630889649
C143,8/22/2019,HDB,0,13,0,0,1,5,0,0,1,4,1,0,133,29,0,0,0,0,0,0,0,0,0,0,0,0,1,0,0,0,0,0,2,0,0,57,0,0,0,0,Greenroof,11,247,1.35212138,0.563878412
C144,8/22/2019,EWB,0,13,0,0,0,4,0,0,0,2,0,0,19,1,0,0,0,0,0,0,0,0,0,0,0,0,1,0,0,0,0,0,0,0,0,2,0,0,0,0,Greenroof,7,42,1.413706561,0.726501458
C145,8/22/2019,EWB,0,15,0,0,0,5,0,0,0,1,0,0,19,1,0,0,0,0,0,0,0,0,0,0,0,0,0,0,0,0,0,0,0,0,0,6,0,0,0,0,Greenroof,6,47,1.395619091,0.778909845
C146,8/22/2019,EWB,0,14,0,0,0,5,0,0,0,0,0,32,0,0,0,0,0,0,0,0,0,0,0,0,0,1,0,0,1,0,0,0,0,0,0,4,0,0,0,0,Greenroof,6,57,1.210722873,0.675717301
C147,8/22/2019,EWB,0,5,0,0,1,2,0,0,0,4,0,0,67,0,0,0,0,0,0,0,0,0,0,0,0,0,0,0,0,0,0,0,0,0,0,6,0,0,0,0,Greenroof,6,85,0.825667448,0.460813777
C148,8/22/2019,EWB,0,24,0,0,0,3,0,0,0,2,0,0,142,0,0,0,0,0,0,0,0,0,0,0,0,1,0,0,0,0,0,0,0,0,0,5,0,0,0,0,Greenroof,6,177,0.697448857,0.389253619
C149,8/22/2019,EWB,0,22,0,0,1,3,0,0,0,2,0,0,52,1,0,0,0,0,0,0,0,0,0,0,0,1,0,0,0,0,0,0,0,0,0,3,0,0,0,0,Greenroof,8,85,1.13152684,0.544149387
C150,8/22/2019,SNC,0,6,0,0,0,8,0,0,0,1,0,0,1,7,0,0,0,0,0,0,0,0,0,0,0,0,0,0,4,0,0,0,0,0,0,5,0,0,0,0,Greenroof,7,32,1.759491303,0.904199664
C151,8/22/2019,SNC,0,0,0,0,0,3,0,0,0,0,0,0,0,1,0,0,0,0,0,0,0,0,0,0,0,0,0,0,0,0,0,0,0,0,0,5,0,0,0,0,Greenroof,3,9,0.936888308,0.852792488
C152,8/22/2019,SNC,0,4,0,0,1,3,0,0,0,3,0,0,8,14,1,0,0,0,0,0,0,0,0,0,0,0,0,0,2,0,0,0,2,0,0,3,0,0,0,0,Greenroof,10,41,1.962654708,0.85237011
C153,8/22/2019,SNC,0,12,0,0,0,5,0,1,0,2,0,3,4,33,0,0,0,0,0,0,0,0,0,0,0,0,0,0,2,0,0,0,1,0,0,2,0,0,0,0,Greenroof,10,65,1.616683942,0.702116915
C154,8/22/2019,SNC,0,6,0,0,0,1,0,0,0,0,0,0,0,2,1,0,0,0,0,0,0,1,0,0,0,0,0,0,0,0,0,0,0,0,2,0,0,0,0,0,Greenroof,6,13,1.524707393,0.850955398
C155,8/22/2019,SNC,0,19,0,0,0,1,0,0,0,3,2,0,2,2,0,0,0,0,0,0,0,1,0,0,0,0,0,0,2,0,0,0,0,0,1,2,0,0,0,0,Greenroof,10,35,1.664729511,0.72298284
C156,8/22/2019,SSH,0,25,0,0,1,10,0,0,0,2,0,0,508,8,0,0,0,0,0,0,0,0,0,0,0,0,1,0,4,0,0,0,2,0,0,10,0,0,0,0,Natural,10,571,0.539050381,0.234106606
C157,8/22/2019,SSH,0,23,0,1,0,2,0,0,0,1,0,0,212,9,1,0,0,0,0,0,0,0,0,0,1,0,0,0,1,0,0,0,0,0,0,8,0,0,0,0,Natural,10,259,0.747911054,0.324813644
C158,8/22/2019,SSH,0,17,0,0,2,6,0,0,0,0,0,0,378,8,0,0,0,0,0,0,0,3,0,0,0,0,0,0,3,0,0,0,0,0,0,4,0,0,0,0,Natural,8,421,0.502338612,0.241573808
C159,8/22/2019,SSH,0,13,0,0,1,7,0,0,0,1,0,0,362,3,0,0,0,0,0,0,0,0,0,0,0,0,0,0,4,0,0,0,0,0,0,1,0,0,0,0,Natural,8,392,0.388144667,0.186658129
C160,8/22/2019,SSH,0,16,0,0,0,9,0,1,0,2,0,0,40,2,0,0,0,0,0,0,0,1,0,0,0,0,0,0,5,0,0,0,1,0,0,0,0,0,0,0,Natural,9,77,1.454047017,0.661765316
C161,8/22/2019,SSH,0,21,0,0,1,4,0,0,0,3,0,0,299,4,0,0,0,0,0,0,0,1,0,0,0,0,0,0,3,0,0,0,0,1,0,1,0,0,0,0,Natural,10,338,0.538875398,0.234030612
C162,8/22/2019,WSC,0,21,0,0,1,2,0,0,0,0,1,0,293,4,0,0,0,0,0,1,0,0,0,0,2,0,0,0,1,0,0,0,1,0,0,8,0,0,0,0,Greenroof,11,335,0.580760848,0.242196085
C163,8/22/2019,WSC,0,12,0,0,0,8,0,0,0,1,0,1,214,6,0,0,0,0,0,1,0,0,0,0,2,0,0,0,2,0,0,0,0,0,0,22,0,0,0,0,Greenroof,10,269,0.850104098,0.369195519
C164,8/22/2019,WSC,0,25,0,0,0,7,0,0,0,1,0,0,398,2,0,0,0,0,0,3,0,0,0,0,1,0,0,0,0,0,0,0,0,0,0,8,0,0,0,0,Greenroof,8,445,0.484548825,0.233018729
C165,8/22/2019,WSC,0,59,0,0,0,3,0,0,0,1,0,0,137,5,0,0,0,0,0,0,0,0,0,0,2,0,0,0,0,0,0,0,1,0,1,5,0,0,0,0,Greenroof,9,214,0.995001219,0.45284457
C166,8/22/2019,WSC,0,21,0,1,0,3,0,0,0,0,0,0,379,8,0,0,0,0,0,1,0,0,0,0,1,0,0,0,1,0,0,0,1,0,0,4,0,0,0,0,Greenroof,10,420,0.469450569,0.203879792
C167,8/22/2019,WSC,0,19,0,0,0,3,0,0,0,0,0,0,404,2,0,0,0,0,0,0,0,0,0,0,1,0,0,0,0,0,0,0,0,0,0,2,0,0,0,0,Greenroof,6,431,0.296770789,0.165630931
C168,8/22/2019,DGM,0,29,0,1,0,6,0,0,0,4,1,0,65,2,0,0,0,0,0,0,0,0,0,0,0,0,0,0,3,0,0,0,0,0,0,4,0,0,0,0,Natural,9,115,1.305716524,0.594257199
C169,8/22/2019,DGM,0,21,0,1,0,1,0,0,0,3,0,0,19,2,0,0,0,0,0,0,1,0,0,0,0,0,0,0,0,1,0,0,1,0,1,0,0,0,0,0,Natural,10,51,1.489444397,0.646857483
C170,8/22/2019,DGM,0,28,0,0,0,2,0,0,0,2,0,0,29,1,0,0,0,0,0,0,0,0,0,0,0,0,0,0,3,0,0,0,0,1,1,1,0,0,0,0,Natural,9,68,1.322129309,0.60172698
C171,8/22/2019,DGM,0,37,0,0,0,4,0,0,0,1,0,0,16,0,0,0,0,0,0,0,0,0,0,0,0,0,0,0,9,0,1,0,0,0,1,1,0,0,0,0,Natural,8,70,1.344415514,0.646527198
C172,8/22/2019,DGM,0,25,0,0,0,2,0,0,0,0,0,0,4,0,0,0,0,0,0,0,0,0,0,0,0,0,0,0,1,2,0,0,0,0,2,2,0,0,0,0,Natural,7,38,1.228053252,0.63109453
C173,8/22/2019,DGM,0,50,0,0,0,5,0,0,0,1,0,0,10,2,0,0,0,0,0,0,1,2,0,0,0,0,0,0,1,0,0,0,0,0,1,2,0,0,0,0,Natural,10,75,1.239713796,0.538400861
C174,8/22/2019,BFB,0,54,0,0,3,18,0,0,0,0,1,0,326,8,0,0,0,0,0,0,1,0,0,0,4,0,0,0,4,1,1,0,1,0,0,2,0,0,0,0,Natural,13,424,0.893204222,0.348234642
C175,8/22/2019,BFB,0,44,0,0,7,44,0,0,0,0,0,0,365,0,0,0,0,0,0,0,0,0,0,1,0,0,0,0,0,0,0,0,0,0,0,3,0,0,0,0,Natural,6,464,0.744650867,0.415597562
C176,8/22/2019,BFB,0,41,0,0,3,10,0,0,0,1,0,0,235,12,0,0,0,0,0,0,0,0,0,1,0,0,0,0,0,0,0,0,1,0,0,3,0,0,0,0,Natural,9,307,0.85813291,0.390553118
C177,8/22/2019,BFB,0,108,0,0,2,4,0,0,0,1,0,0,228,4,0,0,0,0,0,0,0,0,0,0,1,0,0,0,0,0,1,0,0,0,0,4,0,0,0,0,Natural,9,353,0.876148503,0.398752368
C178,8/22/2019,BFB,0,90,0,0,4,8,0,0,0,1,1,0,494,6,0,0,0,0,0,0,0,0,0,0,2,0,0,0,2,0,3,0,0,0,0,2,0,0,0,0,Natural,11,613,0.693370805,0.289158085
C179,8/22/2019,BFB,0,122,0,0,3,18,0,0,0,0,0,0,563,4,0,0,0,0,0,0,0,0,0,0,1,0,0,0,3,0,0,0,0,0,0,4,0,0,0,0,Natural,8,718,0.697032635,0.335201842
C180,6/13/2019,DGM,0,127,0,0,1,1,0,0,0,0,0,0,0,0,0,0,0,0,0,0,0,0,0,0,0,0,0,0,0,0,0,0,0,0,0,6,0,0,0,0,Natural,4,135,0.268516876,0.193693983
C181,6/13/2019,DGM,0,92,0,0,0,3,0,0,0,0,0,0,0,1,0,0,0,0,0,0,0,0,0,0,0,0,0,0,0,0,0,0,0,0,0,3,0,0,0,0,Natural,4,99,0.326471135,0.235499144
C182,6/13/2019,DGM,2,121,0,0,0,6,0,0,0,0,0,0,1,0,0,0,0,0,0,0,0,0,0,0,0,0,0,0,0,0,1,0,0,0,0,13,0,0,0,0,Natural,6,144,0.62417546,0.348358957
C183,6/13/2019,DGM,1,162,0,0,0,9,0,0,0,1,0,0,2,0,0,0,0,0,0,0,0,1,0,0,0,0,0,0,0,0,0,0,0,1,0,10,0,0,0,0,Natural,8,187,0.587377212,0.28246873
C184,6/13/2019,DGM,0,116,0,0,1,10,0,0,1,3,0,0,0,0,0,0,0,0,0,0,0,0,0,0,0,0,0,0,0,0,0,0,0,0,0,11,0,0,0,0,Natural,6,142,0.701496086,0.39151242
C185,6/13/2019,DGM,0,120,0,0,0,7,0,0,0,1,0,1,0,0,0,0,0,0,0,0,0,0,0,0,1,0,0,0,0,0,0,0,0,0,0,7,0,0,0,0,Natural,6,137,0.527705369,0.294517974
B1,5/13/2021,BFB,0,8,0,7,0,0,0,0,0,0,0,0,0,0,0,0,0,0,0,0,0,0,0,0,0,0,0,0,0,0,0,0,0,0,0,0,0,0,0,0,Natural,2,15,0.690923309,0.996791632
B2,5/13/2021,BFB,0,10,0,8,1,1,0,0,0,0,0,0,1,0,0,0,0,0,0,0,0,0,0,0,0,0,0,0,0,0,0,0,0,0,0,0,0,0,0,0,Natural,5,21,1.155885139,0.718191817
B3,5/13/2021,WSC,0,6,0,1,0,0,0,0,0,0,0,0,0,0,0,0,0,0,0,0,0,0,0,0,0,0,0,0,0,0,0,0,0,0,0,0,0,0,0,0,Greenroof,2,7,0.410116318,0.591672779
B4,5/13/2021,WSC,0,4,0,1,0,0,0,0,0,0,0,0,0,0,0,0,0,0,0,0,0,0,0,0,0,0,0,0,0,0,0,0,0,0,0,0,0,0,0,0,Greenroof,2,5,0.500402424,0.721928095
B5,5/13/2021,SSH,1,13,0,23,0,0,0,0,0,0,0,0,0,1,0,0,0,0,0,0,0,0,0,0,0,0,0,0,0,0,0,0,0,1,1,0,0,0,0,0,Natural,6,40,1.052361739,0.587334269
B6,5/13/2021,SSH,0,6,0,27,1,1,0,1,0,0,0,0,0,0,0,0,0,0,0,0,0,0,0,0,0,0,0,0,0,0,0,0,0,0,0,0,0,0,0,0,Natural,5,36,0.813014711,0.505154442
B7,5/13/2021,EWB,0,3,0,0,0,0,0,0,0,0,0,0,0,0,0,0,0,0,0,0,0,0,0,0,0,0,0,0,0,0,0,0,0,0,0,0,0,0,0,0,Greenroof,1,3,0,NA
B8,5/13/2021,EWB,0,7,0,0,0,0,0,0,0,0,0,0,0,0,0,0,0,0,0,0,0,0,0,0,0,0,0,0,0,0,0,0,0,0,0,0,0,0,0,0,Greenroof,1,7,0,NA
B9,5/13/2021,HDB,0,6,0,2,0,0,0,0,0,0,0,0,0,0,0,0,0,0,0,0,0,0,0,0,0,0,0,0,0,0,0,0,0,0,0,0,0,0,0,0,Greenroof,2,8,0.562335145,0.811278124
B10,5/13/2021,SNC,0,1,0,0,0,0,0,0,0,0,0,0,0,0,0,0,0,0,0,0,0,0,0,0,0,0,0,0,0,0,0,0,0,0,0,0,0,0,0,0,Greenroof,1,1,0,NA
B11,5/13/2021,SNC,0,0,0,0,0,0,0,0,0,1,0,0,0,0,0,0,0,0,0,0,0,0,0,0,0,0,0,0,0,0,0,0,0,0,0,0,0,0,0,0,Greenroof,1,1,0,NA
B12,5/13/2021,DGM,2,465,0,1,0,1,0,0,0,0,0,0,0,0,0,0,0,0,0,0,0,0,0,0,0,0,0,0,0,0,0,0,0,0,0,0,0,0,0,0,Natural,4,469,0.057993626,0.041833558
B13,5/13/2021,DGM,0,202,0,2,0,0,0,0,0,0,0,0,0,0,0,0,0,0,0,0,0,0,0,0,0,0,0,0,0,0,0,0,0,0,0,0,0,0,0,0,Natural,2,204,0.055098576,0.079490442
B14,6/17/2021,BFB,1,21,0,10,0,0,0,0,0,0,0,0,1,0,0,0,1,0,0,0,0,0,0,0,0,0,0,0,0,0,0,0,0,0,0,3,0,0,0,0,Natural,6,37,1.171548751,0.653853807
B15,6/17/2021,BFB,8,20,0,6,0,0,0,0,0,0,0,0,0,0,0,0,0,0,0,0,0,0,0,0,0,0,0,0,0,0,0,0,0,0,0,2,0,0,0,0,Natural,4,36,1.119990356,0.807902266
B16,6/17/2021,WSC,2,7,0,1,0,0,0,0,0,0,0,0,6,0,0,0,0,0,0,0,0,0,0,0,0,0,0,0,0,0,0,0,0,0,1,1,0,0,0,0,Greenroof,6,18,1.459359412,0.814483996
B17,6/17/2021,WSC,2,6,0,2,0,0,0,0,0,0,0,0,3,0,0,0,0,0,0,0,0,0,0,0,0,0,0,0,0,0,0,0,0,1,0,1,0,0,0,0,Greenroof,6,15,1.586784708,0.885601407
B18,6/17/2021,SSH,1,31,0,5,1,1,0,0,0,0,0,0,1,0,0,0,0,0,0,0,0,0,0,0,0,0,0,0,0,0,0,0,0,1,0,1,0,0,0,0,Natural,8,42,1.011460263,0.486409569
B19,6/17/2021,SSH,6,32,4,1,0,1,0,0,0,0,0,0,1,1,0,0,0,0,0,0,0,0,0,0,0,0,0,0,0,0,0,0,0,2,0,1,0,0,0,0,Natural,9,49,1.267624839,0.576920926
B20,6/17/2021,EWB,0,16,0,1,0,0,0,0,0,0,0,0,0,0,0,0,0,0,0,0,0,0,0,0,0,0,0,0,0,0,0,0,0,0,0,0,0,0,0,0,Greenroof,2,17,0.223718076,0.322756959
B21,6/17/2021,EWB,0,8,0,0,0,0,0,0,0,0,0,0,1,0,0,0,0,0,0,0,0,0,0,0,0,0,0,0,0,0,0,0,0,0,0,0,0,0,0,0,Greenroof,2,9,0.348832096,0.503258335
B22,6/17/2021,HDB,2,7,0,3,0,0,0,0,0,0,0,0,1,0,0,0,0,0,0,0,0,1,0,0,0,0,0,0,0,0,0,0,1,0,0,1,0,0,0,0,Greenroof,7,16,1.62861983,0.836945031
B23,6/17/2021,SNC,0,6,0,0,0,0,0,0,0,0,0,0,1,0,0,0,0,0,0,0,0,0,0,0,0,0,0,0,0,0,0,0,0,0,0,0,0,0,0,0,Greenroof,2,7,0.410116318,0.591672779
B24,6/17/2021,SNC,0,5,0,1,0,0,0,0,0,0,0,0,0,0,0,0,0,0,0,0,0,0,0,0,0,0,0,0,0,0,0,0,0,0,0,0,0,0,0,0,Greenroof,2,6,0.450561209,0.650022422
B25,6/17/2021,DGM,0,16,0,0,0,0,0,0,0,0,0,0,0,0,0,0,0,0,0,0,0,0,0,0,0,0,0,0,0,0,0,0,0,0,0,0,0,0,0,0,Natural,1,16,0,NA
B26,6/17/2021,DGM,3,18,0,2,1,0,0,0,0,0,0,0,0,0,0,0,0,0,0,0,0,0,0,0,0,0,0,0,0,0,0,0,0,1,0,2,0,0,0,0,Natural,6,27,1.144165857,0.638571124
B27,7/21/2021,BFB,1,9,0,21,0,2,0,0,0,0,0,0,0,0,0,0,0,0,0,0,0,0,0,0,0,0,0,0,0,0,1,0,0,0,0,0,0,0,0,0,Natural,5,34,1.023528561,0.635954052
B28,7/21/2021,BFB,2,10,0,28,0,0,0,0,0,0,0,0,0,0,0,0,0,0,0,0,0,0,0,0,0,0,0,0,0,2,0,0,0,0,0,0,0,0,0,0,Natural,4,42,0.901951382,0.650620393
B29,7/21/2021,WSC,0,8,0,6,0,0,0,1,0,0,0,0,0,0,0,0,0,0,0,0,0,0,0,0,0,0,0,0,0,0,0,0,0,1,1,0,0,0,0,0,Greenroof,5,17,1.222266924,0.759437139
B30,7/21/2021,WSC,0,9,10,0,0,1,0,1,0,1,0,0,0,0,0,0,0,0,0,0,0,0,0,0,0,0,0,0,0,0,0,0,0,0,0,0,0,0,0,0,Greenroof,5,22,1.145548266,0.711769157
B31,7/21/2021,SSH,2,9,1,7,0,0,0,0,0,1,0,0,1,0,0,0,0,0,0,0,0,0,0,0,0,0,0,0,0,0,0,0,0,0,1,0,0,0,0,0,Natural,7,22,1.510011244,0.775992275
B32,7/21/2021,SSH,0,17,0,7,0,0,0,0,0,1,0,0,0,0,0,0,0,0,0,0,0,0,0,0,0,0,0,0,0,0,0,0,0,0,1,0,0,0,0,0,Natural,4,26,0.881712004,0.636020768
B33,7/21/2021,EWB,0,7,0,2,0,0,0,0,0,0,0,0,0,0,0,0,0,0,0,0,0,0,0,0,0,0,0,0,0,0,0,0,0,0,0,0,0,0,0,0,Greenroof,2,9,0.529706199,0.764204507
B34,7/21/2021,EWB,0,8,0,2,0,0,0,0,0,0,0,0,0,0,0,0,0,0,0,0,0,0,0,0,0,0,0,0,0,0,0,0,1,0,0,0,0,0,0,0,Greenroof,3,11,0.759547391,0.69136983
B35,7/21/2021,HDB,0,8,0,1,0,2,0,2,0,0,0,0,1,0,0,0,0,0,0,0,0,0,0,1,0,0,0,0,0,0,0,0,0,0,0,0,0,0,0,0,Greenroof,6,15,1.414175464,0.789266354
B36,7/21/2021,SNC,0,18,0,3,0,0,0,1,0,1,0,0,0,0,0,0,0,0,0,0,0,1,0,0,0,0,0,0,0,0,0,0,0,0,0,0,0,0,0,0,Greenroof,5,24,0.872948476,0.542393384
B37,7/21/2021,SNC,1,3,0,2,0,0,0,0,0,1,0,0,0,0,0,0,0,0,0,0,0,0,0,0,0,0,0,0,0,0,0,0,0,0,0,1,0,0,0,0,Greenroof,5,8,1.494175138,0.928383212
B38,7/21/2021,DGM,5,27,0,5,0,0,0,0,0,0,0,0,0,0,0,0,0,0,0,0,0,0,0,0,0,0,0,0,0,0,1,0,0,0,0,0,0,0,0,0,Natural,4,38,0.872271041,0.629210553
B39,7/21/2021,DGM,7,9,0,2,0,1,0,0,0,0,0,0,0,0,0,0,0,0,0,0,0,0,0,0,0,0,0,0,0,0,1,0,0,0,0,0,0,0,0,0,Natural,5,20,1.256597944,0.780768201
B40,8/26/2021,BFB,0,10,0,1,0,2,0,1,0,0,0,0,8,0,0,0,0,0,0,0,0,0,0,0,0,0,0,0,0,0,0,0,0,0,0,0,0,0,0,0,Natural,5,22,1.225238925,0.761283747
B41,8/26/2021,BFB,0,8,0,0,0,4,0,0,0,1,0,0,7,0,0,0,0,1,0,0,0,0,0,0,1,0,0,0,1,0,0,0,0,1,0,0,0,0,0,0,Natural,8,24,1.686300463,0.810939105
B42,8/26/2021,WSC,0,15,0,2,0,0,0,0,0,0,0,0,7,0,0,0,0,0,0,0,0,0,0,0,0,0,0,0,0,0,0,0,0,1,1,0,0,0,0,0,Greenroof,5,26,1.118541983,0.69498921
B43,8/26/2021,WSC,1,15,0,1,0,3,0,0,0,0,0,0,4,0,0,0,0,0,0,0,0,0,0,0,0,0,0,0,0,0,0,0,0,0,0,1,0,0,0,0,Greenroof,6,25,1.240405132,0.692283285
B44,8/26/2021,SSH,0,10,0,0,1,4,0,0,0,0,0,0,93,0,0,0,0,0,0,0,0,0,0,0,0,0,0,0,1,0,0,0,0,0,0,5,0,0,0,0,Natural,6,114,0.717339055,0.40035455
B45,8/26/2021,SSH,0,16,0,1,2,2,0,0,0,0,0,0,40,0,0,0,0,0,0,0,0,0,0,0,0,0,0,0,0,0,0,0,1,0,0,1,0,0,0,0,Natural,7,63,1.05283018,0.541047684
B46,8/26/2021,EWB,0,5,0,0,0,0,0,0,0,0,0,0,4,0,0,0,0,0,0,0,0,0,1,0,0,0,0,0,0,0,0,0,0,0,0,3,0,0,0,0,Greenroof,4,13,1.265856752,0.913122629
B47,8/26/2021,EWB,3,4,0,2,0,0,0,0,0,0,0,0,13,0,0,0,0,0,0,0,0,0,0,0,0,0,0,0,1,0,0,0,0,0,0,2,0,0,0,0,Greenroof,6,25,1.420558038,0.792828536
B48,8/26/2021,HDB,0,10,0,1,0,1,0,0,0,0,0,0,4,0,0,0,0,0,0,0,0,0,0,0,0,0,0,0,0,0,0,0,1,0,0,15,0,0,0,0,Greenroof,6,32,1.303492734,0.727493147
B49,8/26/2021,SNC,1,7,0,1,0,0,0,0,0,0,0,0,2,0,0,0,0,0,0,0,0,0,0,0,0,0,0,0,0,0,0,0,0,0,0,2,0,0,0,0,Greenroof,5,13,1.303875529,0.810143417
B50,8/26/2021,SNC,2,1,0,0,0,0,0,0,0,0,0,0,7,0,0,0,0,0,0,0,0,0,0,0,0,0,0,0,0,0,0,0,0,0,0,2,0,0,0,0,Greenroof,4,12,1.118743336,0.807002731
B51,8/26/2021,DGM,0,25,0,1,0,0,0,0,0,0,0,0,48,0,0,0,0,0,0,0,0,0,0,0,0,0,0,0,0,0,0,0,0,1,0,0,0,0,0,0,Natural,4,75,0.766960858,0.553245313
B52,8/26/2021,DGM,0,15,0,0,0,1,0,0,0,0,0,0,29,0,0,0,0,0,0,0,0,0,0,0,0,0,0,0,0,0,0,0,0,0,0,6,0,0,0,0,Natural,4,51,1.009808203,0.728422644
B53,9/19/2021,BFB,0,15,0,1,0,3,0,0,0,1,0,0,1,0,0,0,0,0,0,0,0,0,0,0,0,0,0,0,0,0,0,0,0,0,0,0,0,0,0,0,Natural,5,21,0.953256253,0.592291411
B54,9/19/2021,BFB,0,11,0,0,0,4,0,0,0,0,0,0,2,0,0,0,0,0,0,0,0,0,0,0,0,0,0,0,0,0,0,0,0,1,0,0,0,0,0,0,Natural,4,18,1.039909546,0.750136173
B55,9/19/2021,WSC,0,14,0,3,0,1,0,0,0,0,0,0,0,0,0,0,0,0,0,0,0,0,0,0,0,0,0,0,0,0,0,0,0,0,0,0,0,0,0,0,Greenroof,3,18,0.654669565,0.595905918
B56,9/19/2021,WSC,0,20,0,0,0,0,0,0,0,0,0,0,1,0,0,0,0,0,0,0,0,0,0,0,0,0,0,0,0,0,0,0,0,1,0,0,0,0,0,0,Greenroof,3,22,0.367649477,0.334648976
B57,9/19/2021,SSH,0,9,0,0,0,2,0,0,0,1,0,0,0,0,0,0,0,0,0,0,0,0,0,0,0,0,0,0,0,0,0,0,0,0,0,0,0,0,0,0,Natural,3,12,0.721463687,0.656704548
B58,9/19/2021,SSH,0,3,0,0,3,2,0,0,0,1,0,0,1,0,0,0,0,0,0,0,0,0,0,0,0,0,0,0,0,0,0,0,0,0,0,0,0,0,0,0,Natural,5,10,1.504788284,0.93497753
B59,9/19/2021,EWB,1,1,0,0,0,0,0,0,0,0,0,0,1,1,0,0,1,0,0,0,0,0,0,0,0,0,0,0,0,0,0,0,0,1,0,2,0,0,0,0,Greenroof,7,8,1.906154747,0.979569765
B60,9/19/2021,EWB,0,2,0,0,0,1,0,0,0,0,0,0,1,0,0,0,0,0,0,0,0,0,0,0,0,0,0,0,0,0,0,0,0,0,0,0,0,0,0,0,Greenroof,3,4,1.039720771,0.94639463
B61,9/19/2021,HDB,0,2,0,0,0,0,0,0,0,0,0,0,0,0,0,0,0,0,0,0,0,0,0,0,0,0,0,0,0,0,0,0,0,0,0,0,1,0,0,0,Greenroof,2,3,0.636514168,0.918295834
B62,9/19/2021,SNC,0,3,0,0,0,6,0,1,0,1,0,0,0,0,0,0,0,0,0,0,0,0,0,0,0,0,0,0,0,0,0,0,0,1,0,0,0,0,0,0,Greenroof,5,12,1.314373843,0.816666386
B63,9/19/2021,SNC,1,4,0,0,1,1,0,0,0,0,0,0,0,0,0,0,0,0,0,0,0,0,0,0,0,0,0,0,0,0,0,0,0,0,0,0,0,0,0,0,Greenroof,4,7,1.153741943,0.83224889
B64,9/19/2021,DGM,0,5,0,0,0,3,0,0,0,1,0,0,1,0,0,0,0,0,0,0,0,0,0,0,0,0,0,0,0,0,0,0,0,1,0,0,0,0,0,0,Natural,5,11,1.366711052,0.849185322
B65,9/19/2021,DGM,0,9,0,1,0,0,0,0,0,1,0,0,0,0,0,0,0,0,0,0,0,0,0,0,0,0,0,0,0,0,0,0,0,0,0,0,0,0,0,0,Natural,3,11,0.600166073,0.546294702
J1,5/13/2021,BFB,0,7,0,0,0,0,0,0,0,0,0,0,0,0,0,0,0,0,0,0,0,0,0,0,0,0,0,0,0,0,0,0,0,0,0,0,0,0,0,0,Natural,1,7,0,NA
J2,5/13/2021,BFB,0,6,0,0,0,0,0,0,0,0,0,0,0,0,0,0,0,0,0,0,0,0,0,0,0,0,0,0,0,0,0,0,0,0,0,2,0,1,0,0,Natural,3,9,0.848685558,0.772506886
J3,5/13/2021,WSC,0,0,0,0,0,0,0,0,0,0,0,0,0,0,0,0,0,0,0,0,0,0,0,0,0,0,0,0,0,0,0,0,0,0,0,0,1,0,0,0,Greenroof,1,1,0,NA
J4,5/13/2021,WSC,0,1,0,0,0,0,0,0,0,0,0,0,0,0,0,0,0,0,0,0,0,0,0,0,0,0,0,0,0,0,0,0,0,0,0,0,0,0,0,0,Greenroof,1,1,0,NA
J5,5/13/2021,SSH,0,3,1,0,0,0,0,0,0,0,0,0,0,0,0,0,0,0,0,0,0,0,0,0,0,0,0,0,0,0,0,0,0,0,0,1,0,0,0,0,Natural,3,5,0.950270539,0.864973521
J6,5/13/2021,SSH,0,7,1,0,0,0,0,0,0,0,0,0,0,0,0,0,0,0,0,0,0,0,0,0,0,0,0,0,0,0,0,0,0,0,1,0,0,0,0,0,Natural,3,9,0.683738906,0.622365973
J7,5/13/2021,EWB,0,2,0,0,0,0,0,0,0,0,0,0,0,0,0,0,0,0,0,0,0,0,0,0,0,0,0,0,0,0,0,0,0,0,0,0,0,0,0,0,Greenroof,1,2,0,NA
J8,5/13/2021,EWB,0,5,0,0,0,0,0,0,0,0,0,0,0,0,0,0,0,0,0,0,0,0,0,0,0,0,0,0,0,0,0,0,0,0,0,0,0,0,0,0,Greenroof,1,5,0,NA
J9,5/13/2021,HDB,0,3,0,0,0,0,0,0,0,0,0,0,0,0,0,0,0,0,0,0,0,0,0,0,0,0,0,0,0,0,0,0,0,0,0,0,0,0,0,0,Greenroof,1,3,0,NA
J10,5/13/2021,SNC,0,5,0,0,0,0,0,0,0,0,0,0,0,0,0,0,0,0,0,0,0,1,0,0,0,0,0,0,0,0,0,0,0,0,0,0,0,0,0,0,Greenroof,2,6,0.450561209,0.650022422
J11,5/13/2021,SNC,0,0,0,0,0,0,0,0,0,0,0,0,0,0,0,0,0,0,0,0,0,0,0,0,0,0,0,0,0,0,0,0,0,0,0,0,0,0,0,0,Greenroof,0,0,0,0
J12,5/13/2021,DGM,0,82,0,0,0,0,0,0,0,2,0,0,0,0,0,0,0,0,0,0,0,0,0,0,0,0,0,0,0,0,0,0,0,0,0,0,0,0,0,0,Natural,2,84,0.112515934,0.16232618
J13,5/13/2021,DGM,0,47,0,0,0,0,0,0,0,1,0,0,0,0,0,0,0,0,0,0,0,0,0,0,0,0,0,0,0,0,0,0,0,0,0,0,0,0,0,0,Natural,2,48,0.101264818,0.14609425
J14,6/17/2021,BFB,0,10,1,0,0,0,0,0,0,2,0,0,3,0,0,0,0,0,0,0,0,0,0,0,0,0,0,0,0,1,0,0,0,0,0,0,0,0,0,0,Natural,5,17,1.203332041,0.747672235
J15,6/17/2021,BFB,0,11,2,0,0,4,0,0,0,1,0,0,1,0,0,0,0,0,0,0,0,0,0,0,0,0,0,0,0,0,0,0,1,0,0,0,0,0,0,0,Natural,6,20,1.330316283,0.742463654
J16,6/17/2021,WSC,0,1,1,0,0,0,0,0,0,0,0,0,1,0,0,0,0,0,0,0,0,0,0,0,0,0,0,0,0,0,0,0,0,0,1,1,0,0,0,0,Greenroof,5,5,1.609437912,1
J17,6/17/2021,WSC,0,2,0,0,0,0,0,0,0,0,0,0,1,0,0,0,0,0,0,0,0,0,0,0,0,0,0,0,0,0,0,0,0,0,1,1,0,0,0,0,Greenroof,4,5,1.33217904,0.960964047
J18,6/17/2021,SSH,0,7,4,0,0,0,0,0,0,1,0,0,0,0,0,0,0,0,0,0,0,0,0,0,0,0,0,0,0,0,0,0,0,0,0,0,0,0,0,0,Natural,3,12,0.887694276,0.808014151
J19,6/17/2021,SSH,0,8,1,0,0,0,1,0,0,3,0,0,0,0,0,0,0,0,0,0,0,0,0,0,0,0,0,0,0,0,0,0,0,0,1,0,0,0,0,0,Natural,5,14,1.215388101,0.755163086
J20,6/17/2021,EWB,0,2,0,0,0,0,0,0,0,0,0,0,0,0,0,0,0,0,0,0,0,0,0,0,0,0,0,0,0,0,0,0,0,0,0,0,0,0,0,0,Greenroof,1,2,0,NA
J21,6/17/2021,EWB,0,0,0,0,0,0,0,0,0,0,0,0,0,0,0,0,0,0,0,0,0,1,0,0,0,0,0,0,0,0,0,0,0,0,0,0,0,0,0,0,Greenroof,1,1,0,NA
J22,6/17/2021,HDB,0,4,0,0,0,1,1,0,0,0,0,0,1,0,0,0,0,0,0,0,0,0,0,0,0,0,0,0,0,0,0,0,0,0,0,0,0,0,0,0,Greenroof,4,7,1.153741943,0.83224889
J23,6/17/2021,SNC,0,0,0,0,0,0,0,0,0,1,0,0,0,0,0,0,0,0,0,0,0,0,0,0,0,0,0,0,0,0,0,0,0,0,0,0,0,0,0,0,Greenroof,1,1,0,NA
J24,6/17/2021,SNC,0,5,0,0,0,0,0,0,0,0,0,0,0,0,0,0,0,0,0,0,0,0,0,0,0,0,0,0,0,0,0,0,0,0,0,0,0,0,0,0,Greenroof,1,5,0,NA
J25,6/17/2021,DGM,0,10,0,0,0,0,0,0,0,1,0,0,0,0,0,0,0,0,0,0,0,0,0,0,0,0,0,0,0,0,0,0,0,0,0,0,0,0,0,0,Natural,2,11,0.304636097,0.439496987
J26,6/17/2021,DGM,0,4,1,0,0,1,0,0,0,2,0,0,0,0,0,0,0,0,0,0,0,0,0,0,0,0,0,0,0,0,0,0,0,0,0,0,0,0,0,0,Natural,4,8,1.213007566,0.875
J27,7/21/2021,BFB,0,0,1,0,0,0,0,0,0,0,0,0,0,0,0,0,0,0,0,0,0,0,1,0,0,0,0,0,0,0,0,0,0,0,2,0,0,0,0,0,Natural,3,4,1.039720771,0.94639463
J28,7/21/2021,BFB,0,2,0,4,0,1,1,0,0,0,0,0,0,0,0,0,0,0,0,0,0,0,0,0,0,0,0,3,0,0,1,0,0,0,1,0,0,0,0,0,Natural,7,13,1.778233306,0.913831148
J29,7/21/2021,WSC,0,1,3,0,0,0,0,0,0,0,0,0,0,0,0,0,0,0,0,0,0,0,0,0,0,0,0,0,0,0,0,0,0,0,0,0,0,0,0,0,Greenroof,2,4,0.562335145,0.811278124
J30,7/21/2021,WSC,0,3,2,0,0,0,0,0,0,0,0,0,0,0,0,0,0,0,0,0,0,0,0,0,0,0,0,0,0,0,0,0,0,0,0,0,0,0,0,0,Greenroof,2,5,0.673011667,0.970950594
J31,7/21/2021,SSH,0,1,2,0,0,1,0,0,0,0,0,0,0,0,0,0,0,0,0,0,0,0,0,0,0,0,0,0,0,0,0,0,0,0,0,0,0,0,0,0,Natural,3,4,1.039720771,0.94639463
J32,7/21/2021,SSH,0,2,0,0,0,0,0,0,0,0,0,0,0,0,0,0,0,0,0,0,0,0,0,0,0,0,0,0,0,0,0,0,0,0,0,0,0,0,0,0,Natural,1,2,0,NA
J33,7/21/2021,EWB,0,1,0,0,0,0,0,0,0,0,0,0,0,0,0,0,0,0,0,0,0,0,0,0,0,0,0,0,0,0,0,0,0,0,0,0,0,0,0,0,Greenroof,1,1,0,NA
J34,7/21/2021,EWB,0,1,0,0,0,0,0,0,0,1,0,0,0,0,0,0,0,0,0,0,0,0,0,0,0,0,0,0,0,0,0,0,1,0,0,0,0,0,0,0,Greenroof,3,3,1.098612289,1
J35,7/21/2021,HDB,0,6,0,0,0,0,0,0,0,0,0,0,0,0,0,0,0,0,0,0,0,0,0,0,0,0,0,0,0,0,0,0,0,0,0,0,0,0,0,0,Greenroof,1,6,0,NA
J36,7/21/2021,SNC,0,0,0,0,0,1,0,0,0,0,0,0,0,0,0,0,0,0,0,0,0,0,0,0,0,0,0,0,0,0,0,0,0,0,0,0,0,0,0,0,Greenroof,1,1,0,NA
J37,7/21/2021,SNC,0,0,0,0,0,0,0,0,0,0,0,0,0,0,0,0,0,0,0,0,0,0,0,0,0,0,0,0,0,0,0,0,0,0,0,0,0,0,0,0,Greenroof,0,0,0,0
J38,7/21/2021,DGM,0,1,0,0,0,0,0,0,0,1,0,0,0,0,0,0,0,0,0,0,0,0,1,0,0,0,0,0,0,0,0,0,0,0,0,0,0,0,0,0,Natural,3,3,1.098612289,1
J39,7/21/2021,DGM,0,0,1,0,0,0,0,0,0,0,0,0,0,0,0,0,0,0,0,0,0,0,0,0,0,0,0,0,0,0,0,0,0,0,0,0,0,0,0,0,Natural,1,1,0,NA
J40,8/26/2021,BFB,0,1,0,0,0,1,0,0,0,2,0,0,0,0,0,0,0,0,0,0,0,0,0,0,0,0,0,0,0,1,0,0,0,0,0,0,0,0,0,0,Natural,4,5,1.33217904,0.960964047
J41,8/26/2021,BFB,0,0,1,0,0,0,0,0,0,1,0,0,0,0,0,0,0,0,0,0,0,0,0,0,0,0,0,2,0,0,0,0,0,0,0,0,0,0,0,0,Natural,3,4,1.039720771,0.94639463
J42,8/26/2021,WSC,0,2,0,0,0,0,0,0,0,0,0,0,0,0,0,0,0,0,0,0,0,0,0,0,0,0,0,0,0,0,0,0,0,0,0,0,0,0,0,0,Greenroof,1,2,0,NA
J43,8/26/2021,WSC,0,1,1,0,0,1,0,0,0,0,0,0,0,0,0,0,0,0,0,0,0,0,0,0,0,0,0,0,0,0,0,0,0,0,1,0,0,0,0,0,Greenroof,4,4,1.386294361,1
J44,8/26/2021,SSH,0,0,0,0,0,0,1,0,0,0,0,0,0,0,0,0,0,0,0,0,0,0,0,0,0,0,0,0,0,0,0,0,0,0,0,0,0,0,0,0,Natural,1,1,0,NA
J45,8/26/2021,SSH,0,0,1,0,0,0,0,0,0,0,0,0,0,0,0,0,0,0,0,0,0,0,0,0,0,0,0,0,0,0,0,0,0,0,0,0,0,0,0,0,Natural,1,1,0,NA
J46,8/26/2021,EWB,0,0,0,0,0,0,0,0,0,0,0,0,0,0,0,0,0,0,0,0,0,0,0,0,0,0,0,0,0,0,0,0,1,0,0,0,0,0,0,0,Greenroof,1,1,0,NA
J47,8/26/2021,EWB,0,2,0,0,0,0,0,0,0,0,0,0,0,0,0,0,0,0,0,0,0,0,0,0,0,0,0,0,0,0,0,0,0,0,0,0,0,0,0,0,Greenroof,1,2,0,NA
J48,8/26/2021,HDB,0,3,1,0,0,0,3,0,0,0,0,0,2,0,0,0,0,0,0,0,0,0,0,0,0,0,0,0,0,0,0,0,0,0,0,0,0,0,0,0,Greenroof,4,9,1.310783678,0.945530556
J49,8/26/2021,SNC,0,1,0,0,0,0,0,0,0,0,0,0,3,0,0,0,0,0,0,0,0,0,0,0,0,0,0,0,0,0,0,0,0,0,0,0,0,0,0,0,Greenroof,2,4,0.562335145,0.811278124
J50,8/26/2021,SNC,0,0,0,0,0,0,0,0,0,0,0,0,0,0,0,0,0,0,0,0,0,0,0,0,0,0,0,0,0,0,0,0,0,0,0,0,0,0,0,0,Greenroof,0,0,0,0
J51,8/26/2021,DGM,0,18,0,0,0,0,0,0,0,1,0,0,1,0,0,0,0,0,0,0,0,0,0,0,0,0,0,0,0,0,0,0,0,0,0,0,0,0,0,0,Natural,3,20,0.394397691,0.35899625
J52,8/26/2021,DGM,0,4,2,0,2,0,0,0,0,2,0,0,0,0,0,0,0,0,0,0,0,0,0,0,0,0,0,0,0,0,0,0,0,2,1,0,0,0,0,0,Natural,6,13,1.711845135,0.955398961
J53,9/19/2021,BFB,0,11,3,1,0,5,0,0,0,1,0,0,1,0,0,0,0,0,0,0,0,0,0,0,0,0,0,0,0,0,0,0,0,0,0,0,0,0,0,0,Natural,6,22,1.376502707,0.768240788
J54,9/19/2021,BFB,0,5,2,0,0,5,0,0,0,2,0,0,1,0,0,0,0,0,0,0,0,0,0,0,0,0,0,0,0,0,0,0,0,0,0,1,0,0,0,0,Natural,6,16,1.593403232,0.889295276
J55,9/19/2021,WSC,0,2,4,0,0,1,0,0,0,0,0,0,0,0,0,0,0,0,0,0,0,0,0,0,0,0,0,0,0,0,0,0,0,0,0,0,0,0,0,0,Greenroof,3,7,0.955699891,0.86991553
J56,9/19/2021,WSC,0,3,1,0,0,0,0,0,0,1,0,0,0,0,0,0,0,0,0,0,0,0,0,0,0,0,0,0,0,0,0,0,0,0,1,0,0,0,0,0,Greenroof,4,6,1.242453325,0.896240625
J57,9/19/2021,SSH,0,0,0,0,0,0,0,0,0,1,0,0,0,0,0,0,0,0,0,0,0,0,0,0,0,0,0,0,0,0,0,0,0,0,0,0,0,0,0,0,Natural,1,1,0,NA
J58,9/19/2021,SSH,0,2,0,0,0,3,0,0,0,0,0,0,1,0,0,0,0,0,0,0,0,0,0,0,0,0,0,0,0,0,0,0,0,0,0,1,0,0,0,0,Natural,4,7,1.277034259,0.921185497
J59,9/19/2021,EWB,0,2,0,0,0,0,0,0,0,0,0,0,0,0,0,0,0,0,0,0,0,0,0,0,0,0,0,0,0,0,0,0,1,0,0,0,0,0,0,0,Greenroof,2,3,0.636514168,0.918295834
J60,9/19/2021,EWB,0,1,0,0,0,0,0,0,0,0,0,0,0,0,0,0,0,0,0,0,0,0,0,0,0,0,0,0,0,0,0,0,0,0,0,0,0,0,0,0,Greenroof,1,1,0,NA
J61,9/19/2021,HDB,0,0,0,0,0,0,1,0,0,0,0,0,0,0,0,0,0,0,0,0,0,0,0,0,0,0,0,0,0,0,0,0,0,0,0,0,0,0,0,0,Greenroof,1,1,0,NA
J62,9/19/2021,SNC,0,1,0,0,0,0,0,0,0,0,0,0,0,0,0,0,0,0,0,0,0,0,0,0,0,0,0,0,0,0,0,0,0,0,0,0,0,0,0,0,Greenroof,1,1,0,NA
J63,9/19/2021,SNC,0,0,3,0,0,1,0,0,0,0,0,0,0,0,0,0,0,0,0,0,0,0,0,0,0,0,0,0,0,0,0,0,0,0,0,0,0,0,0,0,Greenroof,2,4,0.562335145,0.811278124
J64,9/19/2021,DGM,0,2,0,0,0,1,0,0,0,2,0,0,0,0,0,0,0,0,0,0,0,0,0,0,0,0,0,0,0,0,0,0,0,0,0,0,0,0,0,0,Natural,3,5,1.054920168,0.960229718
J65,9/19/2021,DGM,0,5,1,0,0,0,0,0,0,1,0,0,0,0,0,0,0,0,0,0,0,0,0,0,0,0,0,0,0,0,0,0,0,0,1,0,0,0,0,0,Natural,4,8,1.073542846,0.77439747
C1,5/13/2021,BFB,0,18,0,5,0,1,0,0,0,0,0,0,0,0,0,0,0,0,0,0,0,0,0,0,0,0,0,0,0,1,0,0,0,0,0,2,0,0,0,0,Natural,5,27,1.019534067,0.633472133
C2,5/13/2021,BFB,0,23,0,2,0,2,0,0,0,0,1,0,0,0,0,0,0,0,0,0,0,0,0,0,0,0,0,0,0,0,0,0,0,0,0,1,0,0,0,0,Natural,5,29,0.784918048,0.487697004
C3,5/13/2021,WSC,0,7,0,0,0,1,0,0,0,0,0,0,0,0,0,0,0,0,0,0,0,0,0,0,0,0,0,0,0,0,0,0,0,0,0,0,0,0,0,0,Greenroof,2,8,0.376770161,0.543564443
C4,5/13/2021,WSC,0,9,0,1,0,1,0,0,0,0,0,0,0,0,0,0,0,0,0,0,0,0,0,0,0,0,0,0,0,0,0,0,0,0,0,0,1,0,0,0,Greenroof,4,12,0.836988217,0.603759375
C5,5/13/2021,SSH,0,44,0,0,2,3,0,0,0,0,0,0,1,0,0,0,0,0,0,0,0,0,0,0,0,0,0,0,0,0,0,0,0,0,0,4,0,0,0,0,Natural,5,54,0.716175666,0.44498496
C6,5/13/2021,SSH,0,41,0,1,1,2,0,0,0,0,0,0,0,0,0,0,0,0,0,0,0,0,0,0,0,0,0,0,0,0,0,0,0,0,0,3,0,0,0,0,Natural,5,48,0.601647137,0.373824384
C7,5/13/2021,EWB,0,15,0,0,0,0,0,0,0,1,0,0,0,0,0,0,0,0,0,0,0,0,0,0,0,0,0,0,0,0,0,0,0,0,0,0,0,0,0,0,Greenroof,2,16,0.233791659,0.337290067
C8,5/13/2021,EWB,0,9,0,0,0,0,0,0,0,0,0,0,0,0,0,0,0,0,0,0,0,0,0,0,0,0,0,0,0,0,0,0,0,0,0,0,0,0,0,0,Greenroof,1,9,0,NA
C9,5/13/2021,HDB,0,12,0,0,0,1,0,0,0,0,0,0,0,0,0,0,0,0,0,0,0,0,0,0,0,0,0,0,0,0,0,0,0,0,0,0,0,0,0,0,Greenroof,2,13,0.271189373,0.391243564
C10,5/13/2021,HDB,0,31,0,0,0,0,0,0,0,0,0,0,0,0,0,0,0,0,0,0,0,0,0,0,0,0,0,0,0,0,0,0,0,0,0,0,0,0,0,0,Greenroof,1,31,0,NA
C11,5/13/2021,SNC,0,16,0,0,0,0,0,0,0,0,0,0,0,0,0,0,0,0,0,0,0,0,0,0,0,0,0,0,0,0,0,0,0,0,0,0,0,0,0,0,Greenroof,1,16,0,NA
C12,5/13/2021,SNC,0,1,0,0,1,0,0,0,0,0,0,0,0,0,0,0,0,0,0,0,0,0,0,0,0,0,0,0,0,0,0,0,0,0,0,0,0,0,0,0,Greenroof,2,2,0.693147181,1
C13,5/13/2021,DGM,0,6800,0,0,0,0,0,0,0,0,0,0,0,0,1,0,0,0,0,0,0,0,0,0,0,0,0,0,0,0,0,0,0,0,0,0,0,0,0,0,Natural,2,6801,0.001444604,0.002084123
C14,5/13/2021,DGM,0,4800,0,0,0,0,0,0,0,0,0,0,0,0,1,0,0,0,0,0,0,0,0,0,0,0,0,0,0,0,0,0,0,0,0,0,0,0,0,0,Natural,2,4801,0.001973854,0.00284767
C15,6/17/2021,BFB,2,34,0,1,0,4,0,0,0,2,0,0,2,0,0,0,0,0,0,0,0,0,0,0,0,0,0,0,0,0,0,0,0,0,0,7,0,0,0,0,Natural,7,52,1.196980461,0.615126275
C16,6/17/2021,BFB,0,38,0,0,1,5,0,0,0,1,0,0,4,0,0,0,0,0,0,0,0,0,0,0,0,0,0,0,0,0,2,0,0,0,0,9,0,0,0,0,Natural,7,60,1.211311952,0.622491204
C17,6/17/2021,WSC,0,16,0,0,0,2,0,0,0,0,0,0,10,0,1,0,0,0,0,0,0,0,0,0,0,0,0,0,0,0,0,0,0,0,0,32,1,0,0,0,Greenroof,6,62,1.229116422,0.685982936
C18,6/17/2021,WSC,0,16,0,0,0,7,0,0,0,0,0,0,12,0,0,0,0,0,0,0,0,0,0,0,0,0,0,0,0,0,0,0,1,0,1,28,1,0,0,0,Greenroof,7,66,1.445663883,0.742924273
C19,6/17/2021,SSH,0,42,0,0,1,3,0,0,0,2,0,0,4,0,0,0,0,0,0,0,0,0,0,0,0,0,0,0,0,0,0,0,0,0,0,5,0,0,0,0,Natural,6,57,0.968373685,0.540459644
C20,6/17/2021,SSH,0,31,0,0,3,4,0,0,0,0,0,0,6,0,0,0,0,0,0,0,0,0,0,0,0,0,0,0,0,0,0,0,0,1,0,4,0,0,0,0,Natural,6,49,1.206302912,0.673250474
C21,6/17/2021,EWB,0,25,0,0,0,0,0,0,0,0,0,0,12,0,0,0,0,0,0,0,0,0,0,0,0,0,0,0,0,0,0,0,0,0,0,9,0,0,0,0,Greenroof,3,46,1.001124079,0.911262407
C22,6/17/2021,EWB,0,17,0,0,1,0,0,0,0,0,0,0,2,0,0,0,0,0,0,0,0,0,0,0,0,0,0,0,0,0,0,0,0,0,0,1,0,0,0,0,Greenroof,4,21,0.684954761,0.494090419
C23,6/17/2021,HDB,0,19,0,0,0,4,0,0,0,1,0,0,10,0,0,0,0,0,0,0,0,0,0,0,0,0,0,0,0,0,0,0,1,0,0,17,1,0,0,0,Greenroof,7,53,1.466895766,0.753835303
C24,6/17/2021,HDB,0,19,0,1,0,0,0,0,0,0,0,0,6,0,0,0,0,0,0,0,0,0,0,0,0,0,0,0,0,0,0,0,0,0,0,8,0,0,0,0,Greenroof,4,34,1.075465532,0.775784395
C25,6/17/2021,SNC,0,17,0,1,0,2,0,0,1,2,0,0,3,1,0,0,0,0,0,0,0,0,0,0,0,0,0,0,0,0,0,0,0,0,0,2,0,0,0,0,Greenroof,8,29,1.44938732,0.697007966
C26,6/17/2021,SNC,0,14,0,0,0,2,0,0,0,0,0,0,0,0,0,0,0,0,0,0,0,0,0,0,0,0,0,0,0,0,0,0,0,0,0,1,0,0,0,0,Greenroof,3,17,0.578325287,0.526414362
C27,6/17/2021,DGM,0,72,0,0,1,4,0,0,0,0,0,0,4,0,2,0,0,0,0,0,0,0,0,0,1,0,0,0,0,0,0,0,2,1,0,2,0,0,0,0,Natural,9,89,0.857521779,0.390274981
C28,6/17/2021,DGM,0,62,0,0,1,7,0,0,0,0,0,0,4,0,0,0,0,0,0,0,0,0,0,0,1,0,0,0,0,1,1,0,0,0,0,4,0,0,0,0,Natural,8,81,0.930324984,0.447391747
C29,7/21/2021,BFB,0,41,0,0,0,6,0,0,0,1,0,0,2,0,0,0,0,0,0,0,0,0,0,0,0,0,0,0,0,0,0,0,1,0,0,0,0,0,0,0,Natural,5,51,0.708427478,0.44017074
C30,7/21/2021,BFB,0,39,0,1,1,6,0,0,0,5,0,0,0,0,0,0,0,0,0,0,0,0,0,0,0,0,0,0,0,0,4,0,0,0,0,1,0,0,0,0,Natural,7,57,1.109334987,0.570085411
C31,7/21/2021,WSC,1,18,0,0,0,5,0,0,0,1,0,0,1,4,0,0,0,0,0,0,0,0,0,0,0,1,0,0,0,0,0,0,0,0,0,6,0,0,0,0,Greenroof,8,37,1.546874251,0.74388927
C32,7/21/2021,WSC,0,15,0,0,0,1,0,0,0,0,0,0,0,0,0,0,0,0,0,0,0,0,0,0,0,0,1,0,0,0,3,0,1,0,0,2,1,0,0,0,Greenroof,7,24,1.290433654,0.663151715
C33,7/21/2021,SSH,2,19,0,0,1,6,0,0,0,0,0,0,1,0,0,0,0,0,0,0,0,0,0,0,0,0,0,0,0,0,0,0,2,0,0,3,0,0,0,0,Natural,7,34,1.386262789,0.712398149
C34,7/21/2021,SSH,0,22,0,0,1,1,0,0,0,1,0,0,1,0,0,0,0,0,0,0,0,0,0,0,1,0,3,0,0,0,0,0,1,0,0,0,0,0,0,0,Natural,8,31,1.134026855,0.54535164
C35,7/21/2021,EWB,0,9,0,0,0,0,0,0,0,0,1,0,0,0,0,0,0,0,0,0,0,0,0,0,0,0,0,0,0,0,0,0,0,0,0,1,0,0,0,0,Greenroof,3,11,0.600166073,0.546294702
C36,7/21/2021,EWB,0,12,0,0,0,0,0,0,0,0,0,0,0,0,0,0,0,0,0,0,0,0,0,1,0,0,0,0,0,0,0,0,1,0,0,0,0,0,0,0,Greenroof,3,14,0.509137344,0.463436782
C37,7/21/2021,HDB,0,30,0,0,0,7,0,0,0,1,0,0,1,1,0,0,0,0,0,0,0,0,0,0,0,0,0,0,1,0,0,0,0,0,0,7,1,0,0,0,Greenroof,8,49,1.253480226,0.602796569
C38,7/21/2021,HDB,0,18,0,2,2,10,0,0,0,1,0,0,1,4,0,0,0,0,0,0,0,0,0,0,0,0,0,0,0,0,0,0,2,0,0,6,1,0,0,0,Greenroof,10,47,1.818080369,0.789582272
C39,7/21/2021,SNC,0,3,0,0,2,2,0,1,0,2,0,0,1,0,0,0,0,0,0,0,0,0,0,0,0,0,0,0,0,0,0,0,0,0,0,0,0,0,0,0,Greenroof,6,11,1.720193459,0.960058249
C40,7/21/2021,SNC,1,9,0,0,1,2,0,0,0,2,2,1,2,0,0,0,0,0,0,0,0,0,0,0,0,0,0,0,0,0,0,0,0,0,0,0,0,0,0,0,Greenroof,8,20,1.729722342,0.831820615
C41,7/21/2021,DGM,0,209,0,0,0,2,0,0,0,0,0,0,0,1,0,0,0,0,0,0,0,0,0,0,0,0,0,0,0,0,4,0,0,0,0,1,0,0,0,0,Natural,5,217,0.20257325,0.125865837
C42,7/21/2021,DGM,0,64,0,1,1,3,0,0,0,0,0,0,0,0,0,0,0,0,0,0,0,0,0,0,0,0,1,0,0,1,3,0,0,0,0,0,0,1,0,0,Natural,8,75,0.680685566,0.327340563
C43,8/26/2021,BFB,0,50,1,2,0,17,0,2,0,2,0,0,34,0,0,0,0,0,0,0,0,0,0,0,0,0,0,0,0,0,0,0,2,0,0,5,0,0,0,0,Natural,9,115,1.464459068,0.666504045
C44,8/26/2021,BFB,0,31,1,0,0,7,0,0,0,0,0,0,110,1,0,0,0,0,0,0,0,0,0,0,0,0,0,0,0,0,0,0,1,0,0,7,0,0,0,0,Natural,7,158,0.943929301,0.485083703
C45,8/26/2021,WSC,0,36,0,0,0,17,0,0,0,0,0,0,39,0,0,0,0,0,0,0,0,0,0,0,1,0,0,0,0,0,1,0,2,0,0,9,1,0,0,0,Greenroof,8,106,1.444462411,0.694639586
C46,8/26/2021,WSC,1,48,0,0,1,8,0,0,0,1,0,0,25,0,0,0,0,0,0,0,0,0,0,0,1,0,0,0,0,0,0,0,0,0,0,8,0,0,0,0,Greenroof,8,93,1.311517678,0.630706683
C47,8/26/2021,SSH,0,13,0,0,0,10,0,0,0,0,0,0,376,4,0,0,0,0,0,0,0,0,0,0,0,0,0,0,0,0,0,0,0,0,0,5,0,0,0,0,Natural,5,408,0.375266984,0.233166487
C48,8/26/2021,SSH,0,16,0,0,0,0,0,0,0,0,0,0,377,3,0,0,0,0,0,0,0,0,0,0,0,0,1,0,0,0,0,0,0,0,0,3,0,0,0,0,Natural,5,400,0.272940725,0.169587607
C49,8/26/2021,EWB,0,13,0,0,0,4,0,0,0,0,0,0,77,1,1,0,0,0,0,0,0,0,0,0,0,0,0,0,0,0,0,0,1,0,0,8,0,0,0,0,Greenroof,7,105,0.939693027,0.482906689
C50,8/26/2021,EWB,0,20,0,0,0,9,0,0,0,0,0,0,65,6,0,0,1,0,0,0,0,0,0,0,0,0,0,0,0,0,0,0,0,0,0,8,0,0,0,0,Greenroof,6,109,1.219687989,0.680720828
C51,8/26/2021,HDB,0,38,0,0,0,21,0,0,0,1,0,0,40,6,0,0,0,0,0,0,0,0,0,0,0,0,0,0,0,0,0,0,0,0,0,19,0,0,0,0,Greenroof,6,125,1.497007171,0.83549561
C52,8/26/2021,HDB,0,18,12,0,0,24,0,0,0,3,0,0,34,5,0,0,0,0,0,0,0,0,0,0,0,0,0,0,0,0,0,0,1,0,0,37,0,0,0,0,Greenroof,8,134,1.74140614,0.837439334
C53,8/26/2021,SNC,0,3,0,0,0,2,0,0,0,0,0,0,2,1,0,0,0,0,0,0,0,0,0,0,0,0,0,0,0,0,0,0,0,0,0,7,0,0,0,0,Greenroof,5,15,1.395397092,0.867008961
C54,8/26/2021,SNC,0,7,0,0,1,3,0,0,0,0,0,0,20,12,0,0,0,0,0,0,0,0,0,0,0,0,0,0,1,0,0,0,0,0,0,1,0,0,0,0,Greenroof,7,45,1.436646197,0.738290099
C55,8/26/2021,DGM,0,39,0,2,0,6,0,1,0,0,0,0,314,3,0,0,0,0,0,0,0,0,0,0,0,0,2,0,0,0,0,0,1,0,0,11,0,0,0,0,Natural,9,379,0.683224511,0.310948875
C56,8/26/2021,DGM,0,44,0,0,0,7,0,1,0,1,2,0,203,6,0,0,0,0,0,0,0,0,0,0,0,0,0,0,0,0,0,0,1,2,1,8,0,0,0,0,Natural,11,276,0.950599393,0.396430738
C57,9/19/2021,BFB,0,45,0,0,3,6,0,0,0,2,0,0,13,1,0,0,0,0,0,0,0,0,0,0,0,0,2,0,1,0,0,0,2,0,0,15,0,0,0,0,Natural,10,90,1.572363187,0.682868656
C58,9/19/2021,BFB,0,42,2,1,2,8,0,0,0,0,0,0,4,0,0,0,0,0,0,0,0,0,0,0,0,0,1,0,0,0,0,0,0,0,0,2,0,0,0,0,Natural,8,62,1.170332501,0.562810965
C59,9/19/2021,WSC,0,31,1,1,0,6,0,0,0,1,0,0,7,0,1,0,0,0,0,0,0,0,0,0,1,0,0,0,0,0,0,0,0,1,0,3,0,0,0,0,Greenroof,10,53,1.439700063,0.625253793
C60,9/19/2021,WSC,0,21,2,0,4,13,0,0,0,0,0,0,2,0,0,0,0,0,0,0,0,0,0,0,0,0,0,0,0,0,0,0,0,0,0,7,0,0,0,0,Greenroof,6,49,1.458790705,0.814166595
C61,9/19/2021,SSH,0,78,0,0,2,17,0,0,0,5,0,0,6,6,0,0,0,0,0,0,0,0,0,0,0,0,0,0,0,0,0,0,1,0,0,7,0,0,0,1,Natural,9,123,1.295567413,0.58963814
C62,9/19/2021,SSH,0,74,0,0,1,17,0,0,0,1,0,0,1,0,0,0,0,0,0,0,0,0,0,0,0,0,0,0,0,0,0,0,0,0,0,0,0,0,0,0,Natural,5,94,0.642598572,0.399268942
C63,9/19/2021,EWB,0,4,1,0,1,0,0,0,0,0,0,0,1,0,0,0,1,0,0,0,0,0,0,0,0,0,0,0,0,0,0,0,0,0,0,3,0,0,0,0,Greenroof,6,11,1.594166699,0.889721375
C64,9/19/2021,EWB,1,6,1,0,0,7,0,0,0,0,0,0,0,0,0,0,0,0,0,0,0,0,0,0,0,0,1,0,0,0,0,0,0,0,0,4,0,0,0,0,Greenroof,6,20,1.499877008,0.837097297
C65,9/19/2021,HDB,0,12,0,0,1,9,0,0,0,0,0,0,2,1,0,0,0,0,0,0,0,0,0,0,0,0,0,0,0,0,0,0,0,0,0,9,4,0,0,0,Greenroof,7,38,1.629681055,0.837490393
C66,9/19/2021,HDB,0,1,2,1,0,19,0,0,0,0,0,0,1,0,0,0,0,0,0,0,0,0,0,0,0,0,0,0,0,0,0,0,0,0,0,18,1,0,0,0,Greenroof,7,43,1.218006474,0.625931508
C67,9/19/2021,SNC,0,3,1,0,3,1,0,0,0,1,0,1,0,5,0,0,0,0,0,0,0,0,0,0,0,0,0,0,1,0,0,0,0,0,0,0,0,0,0,0,Greenroof,8,16,1.857659766,0.893345511
C68,9/19/2021,SNC,0,1,0,0,0,4,0,0,0,0,0,0,0,6,0,0,1,0,0,0,0,0,0,0,0,0,0,0,0,0,0,0,0,0,0,2,0,0,0,1,Greenroof,6,15,1.529248293,0.853489723
C69,9/19/2021,DGM,0,37,0,0,0,18,0,0,0,1,0,0,0,2,0,0,0,0,0,0,0,0,0,0,0,0,1,0,1,0,0,0,1,0,0,12,0,0,0,0,Natural,8,73,1.320105625,0.634836613
C70,9/19/2021,DGM,0,26,0,0,0,12,0,0,0,0,2,0,1,8,0,0,1,0,0,0,0,0,0,0,0,0,4,0,0,0,0,0,1,0,0,7,0,0,0,0,Natural,9,62,1.68007366,0.764634474
